,Date,Observed,Seasonal,Trend,Residual
0,2023-01-12,6566.0,54.1168520039595,,
1,2023-01-13,6622.0,12.563667572292026,,
2,2023-01-14,6677.0,-29.31039257808387,,
3,2023-01-15,6733.0,-70.69827404646064,6732.857142857141,70.84113118931934
4,2023-01-16,6788.0,-41.555416903603515,6788.428571428571,41.126845475032866
5,2023-01-17,6844.0,19.962790379309595,6843.999999999999,-19.962790379308686
6,2023-01-18,6900.0,54.92077357258691,6899.571428571428,-54.49220214401535
7,2023-01-19,6955.0,54.1168520039595,6955.142857142857,-54.259709146816384
8,2023-01-20,7011.0,12.563667572292026,7025.428571428572,-26.992239000863584
9,2023-01-21,7066.0,-29.31039257808387,7109.571428571428,-14.26103599334457
10,2023-01-22,7122.0,-70.69827404646064,7200.714285714286,-8.016011667825595
11,2023-01-23,7280.0,-41.555416903603515,7281.714285714286,39.84113118931728
12,2023-01-24,7433.0,19.962790379309595,7352.285714285714,60.75149533497664
13,2023-01-25,7538.0,54.92077357258691,7412.571428571428,70.50779785598465
14,2023-01-26,7522.0,54.1168520039595,7462.571428571428,5.311719424612058
15,2023-01-27,7505.0,12.563667572292026,7528.714285714285,-36.27795328657735
16,2023-01-28,7488.0,-29.31039257808387,7581.5714285714275,-64.26103599334365
17,2023-01-29,7472.0,-70.69827404646064,7633.714285714284,-91.01601166782378
18,2023-01-30,7743.0,-41.555416903603515,7684.714285714284,99.8411311893191
19,2023-01-31,7803.0,19.962790379309595,7724.142857142856,58.89435247783443
20,2023-02-01,7903.0,54.92077357258691,7752.142857142856,95.93636928455712
21,2023-02-02,7879.0,54.1168520039595,7768.42857142857,56.45457656747076
22,2023-02-03,7781.0,12.563667572292026,7765.142857142856,3.2934752848520006
23,2023-02-04,7684.0,-29.31039257808387,7772.5714285714275,-59.26103599334366
24,2023-02-05,7586.0,-70.69827404646064,7774.285714285713,-117.58744023925222
25,2023-02-06,7720.0,-41.555416903603515,7778.42857142857,-16.873154524966225
26,2023-02-07,7855.0,19.962790379309595,7773.999999999998,61.037209620692224
27,2023-02-08,7915.0,54.92077357258691,7760.857142857141,99.22208357027179
28,2023-02-09,7908.0,54.1168520039595,7739.142857142856,114.74029085318452
29,2023-02-10,7750.0,12.563667572292026,7705.285714285714,32.15061814199421
30,2023-02-11,7592.0,-29.31039257808387,7696.571428571428,-75.26103599334456
31,2023-02-12,7434.0,-70.69827404646064,7689.999999999999,-185.30172595353844
32,2023-02-13,7483.0,-41.555416903603515,7673.5714285714275,-149.01601166782402
33,2023-02-14,7794.0,19.962790379309595,7680.5714285714275,93.46578104926287
34,2023-02-15,7869.0,54.92077357258691,7711.0,103.07922642741309
35,2023-02-16,7793.0,54.1168520039595,7764.857142857143,-25.973994861102618
36,2023-02-17,7799.0,12.563667572292026,7812.571428571428,-26.135096143720467
37,2023-02-18,7805.0,-29.31039257808387,7837.285714285714,-2.9753217076298952
38,2023-02-19,7811.0,-70.69827404646064,7852.857142857142,28.841131189318432
39,2023-02-20,7817.0,-41.555416903603515,7870.142857142856,-11.587440239252459
40,2023-02-21,7967.0,19.962790379309595,7871.999999999999,75.03720962069131
41,2023-02-22,7978.0,54.92077357258691,7858.5714285714275,64.50779785598556
42,2023-02-23,7914.0,54.1168520039595,7829.714285714285,30.168862281755175
43,2023-02-24,7812.0,12.563667572292026,7827.285714285714,-27.849381858005792
44,2023-02-25,7711.0,-29.31039257808387,7817.142857142857,-76.832464564773
45,2023-02-26,7609.0,-70.69827404646064,7810.285714285714,-130.5874402392531
46,2023-02-27,7800.0,-41.555416903603515,7804.0,37.555416903603515
47,2023-02-28,7896.0,19.962790379309595,7812.0,64.0372096206904
48,2023-03-01,7930.0,54.92077357258691,7834.142857142856,40.93636928455712
49,2023-03-02,7870.0,54.1168520039595,7870.428571428571,-54.54542343253015
50,2023-03-03,7868.0,12.563667572292026,7879.142857142857,-23.70652471514891
51,2023-03-04,7866.0,-29.31039257808387,7873.857142857142,21.453249720941663
52,2023-03-05,7863.0,-70.69827404646064,7867.428571428571,66.26970261788999
53,2023-03-06,7861.0,-41.555416903603515,7855.428571428571,47.126845475032866
54,2023-03-07,7859.0,19.962790379309595,7835.857142857142,3.180066763548197
55,2023-03-08,7885.0,54.92077357258691,7808.714285714286,21.364940713126856
56,2023-03-09,7786.0,54.1168520039595,7774.285714285714,-42.40256628967327
57,2023-03-10,7731.0,12.563667572292026,7732.285714285714,-13.849381858005792
58,2023-03-11,7676.0,-29.31039257808387,7725.285714285714,-19.975321707629895
59,2023-03-12,7622.0,-70.69827404646064,7729.5714285714275,-36.87315452496689
60,2023-03-13,7567.0,-41.555416903603515,7758.5714285714275,-150.01601166782402
61,2023-03-14,7810.0,19.962790379309595,7790.428571428571,-0.39136180788024433
62,2023-03-15,7915.0,54.92077357258691,7825.285714285713,34.79351214170023
63,2023-03-16,7989.0,54.1168520039595,7862.857142857141,72.0260051388992
64,2023-03-17,7954.0,12.563667572292026,7914.857142857143,26.579189570564857
65,2023-03-18,7920.0,-29.31039257808387,7949.142857142857,0.16753543522698777
66,2023-03-19,7885.0,-70.69827404646064,7975.142857142857,-19.444583096396244
67,2023-03-20,7931.0,-41.555416903603515,7991.285714285714,-18.73029738211025
68,2023-03-21,8050.0,19.962790379309595,8000.285714285714,29.75149533497664
69,2023-03-22,8097.0,54.92077357258691,8002.0,40.07922642741309
70,2023-03-23,8102.0,54.1168520039595,7996.5714285714275,51.31171942461297
71,2023-03-24,8017.0,12.563667572292026,8005.5714285714275,-1.135096143719558
72,2023-03-25,7932.0,-29.31039257808387,8009.714285714285,-48.403893136201454
73,2023-03-26,7847.0,-70.69827404646064,8025.5714285714275,-107.87315452496689
74,2023-03-27,7994.0,-41.555416903603515,8033.571428571428,1.9839883321750733
75,2023-03-28,8079.0,19.962790379309595,8045.285714285714,13.751495334976639
76,2023-03-29,8208.0,54.92077357258691,8060.714285714285,92.36494071312777
77,2023-03-30,8158.0,54.1168520039595,8079.857142857142,24.02600513889829
78,2023-03-31,8099.0,12.563667572292026,8088.428571428571,-1.992239000862675
79,2023-04-01,8040.0,-29.31039257808387,8086.857142857142,-17.546750279058337
80,2023-04-02,7981.0,-70.69827404646064,8082.142857142857,-30.444583096396244
81,2023-04-03,8054.0,-41.555416903603515,8085.0,10.555416903603515
82,2023-04-04,8068.0,19.962790379309595,8083.0,-34.962790379309595
83,2023-04-05,8175.0,54.92077357258691,8076.285714285714,43.793512141699324
84,2023-04-06,8178.0,54.1168520039595,8064.714285714285,59.168862281755175
85,2023-04-07,8085.0,12.563667572292026,8032.142857142858,40.29347528485018
86,2023-04-08,7993.0,-29.31039257808387,8011.285714285714,11.024678292370105
87,2023-04-09,7900.0,-70.69827404646064,7968.5714285714275,2.1268454750331074
88,2023-04-10,7826.0,-41.555416903603515,7913.857142857142,-46.30172595353869
89,2023-04-11,7922.0,19.962790379309595,7852.714285714285,49.32292390640508
90,2023-04-12,7876.0,54.92077357258691,7784.857142857142,36.22208357027088
91,2023-04-13,7795.0,54.1168520039595,7710.5714285714275,30.311719424612967
92,2023-04-14,7657.0,12.563667572292026,7641.714285714284,2.722046713423559
93,2023-04-15,7518.0,-29.31039257808387,7563.714285714285,-16.403893136201454
94,2023-04-16,7380.0,-70.69827404646064,7489.428571428572,-38.73029738211092
95,2023-04-17,7344.0,-41.555416903603515,7445.857142857143,-60.3017259535396
96,2023-04-18,7376.0,19.962790379309595,7424.142857142857,-68.10564752216648
97,2023-04-19,7356.0,54.92077357258691,7424.285714285714,-123.20648785830068
98,2023-04-20,7490.0,54.1168520039595,7446.285714285714,-10.402566289673267
99,2023-04-21,7505.0,12.563667572292026,7510.857142857142,-18.420810429434233
100,2023-04-22,7519.0,-29.31039257808387,7602.428571428571,-54.11817885048678
101,2023-04-23,7534.0,-70.69827404646064,7711.142857142856,-106.44458309639533
102,2023-04-24,7796.0,-41.555416903603515,7806.714285714284,30.8411311893191
103,2023-04-25,8017.0,19.962790379309595,7909.285714285713,87.75149533497755
104,2023-04-26,8117.0,54.92077357258691,8019.142857142857,42.93636928455621
105,2023-04-27,8159.0,54.1168520039595,8135.999999999999,-31.11685200395859
106,2023-04-28,8223.0,12.563667572292026,8235.42857142857,-24.992239000862675
107,2023-04-29,8288.0,-29.31039257808387,8326.42857142857,-9.118178850486778
108,2023-04-30,8352.0,-70.69827404646064,8410.285714285712,12.412559760748692
109,2023-05-01,8492.0,-41.555416903603515,8500.42857142857,33.126845475032866
110,2023-05-02,8654.0,19.962790379309595,8566.857142857141,67.1800667635491
111,2023-05-03,8704.0,54.92077357258691,8609.571428571428,39.50779785598556
112,2023-05-04,8790.0,54.1168520039595,8628.571428571428,107.31171942461296
113,2023-05-05,8688.0,12.563667572292026,8642.571428571428,32.86490385628044
114,2023-05-06,8587.0,-29.31039257808387,8635.714285714284,-19.403893136200544
115,2023-05-07,8485.0,-70.69827404646064,8632.42857142857,-76.73029738211001
116,2023-05-08,8590.0,-41.555416903603515,8615.571428571428,15.983988332175983
117,2023-05-09,8606.0,19.962790379309595,8602.428571428572,-16.391361807882063
118,2023-05-10,8681.0,54.92077357258691,8593.0,33.07922642741309
119,2023-05-11,8672.0,54.1168520039595,8587.285714285714,30.597433710326733
120,2023-05-12,8596.0,12.563667572292026,8584.57142857143,-1.135096143721377
121,2023-05-13,8521.0,-29.31039257808387,8579.714285714286,-29.403893136202363
122,2023-05-14,8445.0,-70.69827404646064,8563.714285714286,-48.016011667825595
123,2023-05-15,8571.0,-41.555416903603515,8535.42857142857,77.12684547503287
124,2023-05-16,8572.0,19.962790379309595,8487.142857142857,64.89435247783352
125,2023-05-17,8569.0,54.92077357258691,8418.714285714284,95.36494071312868
126,2023-05-18,8474.0,54.1168520039595,8330.285714285714,89.59743371032673
127,2023-05-19,8258.0,12.563667572292026,8227.0,18.436332427707974
128,2023-05-20,8042.0,-29.31039257808387,8114.999999999999,-43.68960742191522
129,2023-05-21,7826.0,-70.69827404646064,7992.142857142857,-95.44458309639624
130,2023-05-22,7848.0,-41.555416903603515,7859.5714285714275,29.983988332175983
131,2023-05-23,7788.0,19.962790379309595,7738.142857142857,29.89435247783352
132,2023-05-24,7709.0,54.92077357258691,7627.999999999999,26.079226427414
133,2023-05-25,7546.0,54.1168520039595,7529.142857142856,-37.259709146815474
134,2023-05-26,7408.0,12.563667572292026,7407.428571428571,-11.992239000862675
135,2023-05-27,7271.0,-29.31039257808387,7301.428571428571,-1.1181788504867782
136,2023-05-28,7134.0,-70.69827404646064,7207.714285714285,-3.016011667824685
137,2023-05-29,6996.0,-41.555416903603515,7130.0,-92.44458309639649
138,2023-05-30,7046.0,19.962790379309595,7050.714285714284,-24.67707609359401
139,2023-05-31,7053.0,54.92077357258691,6969.714285714285,28.364940713127766
140,2023-06-01,7002.0,54.1168520039595,6887.0,60.8831479960405
141,2023-06-02,6853.0,12.563667572292026,6819.428571428572,21.007760999136416
142,2023-06-03,6704.0,-29.31039257808387,6742.571428571428,-9.26103599334457
143,2023-06-04,6555.0,-70.69827404646064,6661.142857142857,-35.444583096396244
144,2023-06-05,6523.0,-41.555416903603515,6581.714285714285,-17.15886881068181
145,2023-06-06,6508.0,19.962790379309595,6502.714285714285,-14.67707609359492
146,2023-06-07,6483.0,54.92077357258691,6424.0,4.07922642741309
147,2023-06-08,6446.0,54.1168520039595,6345.714285714284,46.168862281756084
148,2023-06-09,6300.0,12.563667572292026,6273.999999999999,13.436332427708884
149,2023-06-10,6153.0,-29.31039257808387,6210.142857142857,-27.832464564773012
150,2023-06-11,6007.0,-70.69827404646064,6150.428571428572,-72.73029738211092
151,2023-06-12,6021.0,-41.555416903603515,6092.142857142857,-29.587440239253368
152,2023-06-13,6061.0,19.962790379309595,6041.857142857142,-0.8199332364518028
153,2023-06-14,6065.0,54.92077357258691,5999.714285714285,10.364940713127766
154,2023-06-15,6038.0,54.1168520039595,5965.714285714285,18.168862281755175
155,2023-06-16,5948.0,12.563667572292026,5916.857142857143,18.579189570564857
156,2023-06-17,5858.0,-29.31039257808387,5894.428571428572,-7.118178850487688
157,2023-06-18,5769.0,-70.69827404646064,5873.999999999999,-34.30172595353845
158,2023-06-19,5679.0,-41.555416903603515,5862.285714285714,-141.73029738211025
159,2023-06-20,5904.0,19.962790379309595,5854.428571428572,29.608638192118846
160,2023-06-21,5922.0,54.92077357258691,5850.285714285714,16.793512141699324
161,2023-06-22,5956.0,54.1168520039595,5849.857142857141,52.0260051388992
162,2023-06-23,5893.0,12.563667572292026,5869.857142857141,10.579189570566676
163,2023-06-24,5829.0,-29.31039257808387,5871.714285714284,-13.403893136200544
164,2023-06-25,5766.0,-70.69827404646064,5882.714285714284,-46.016011667823776
165,2023-06-26,5819.0,-41.555416903603515,5897.285714285715,-36.73029738211116
166,2023-06-27,5917.0,19.962790379309595,5913.428571428572,-16.391361807881154
167,2023-06-28,5999.0,54.92077357258691,5931.428571428571,12.650654998842441
168,2023-06-29,6058.0,54.1168520039595,5951.0,52.8831479960405
169,2023-06-30,6006.0,12.563667572292026,5978.999999999998,14.436332427709793
170,2023-07-01,5955.0,-29.31039257808387,6009.0,-24.68960742191613
171,2023-07-02,5903.0,-70.69827404646064,6036.714285714285,-63.016011667824685
172,2023-07-03,6015.0,-41.555416903603515,6062.5714285714275,-6.016011667824017
173,2023-07-04,6127.0,19.962790379309595,6094.714285714284,12.32292390640599
174,2023-07-05,6193.0,54.92077357258691,6132.857142857143,5.222083570269973
175,2023-07-06,6239.0,54.1168520039595,6177.285714285714,7.597433710326733
176,2023-07-07,6231.0,12.563667572292026,6224.571428571428,-6.135096143720467
177,2023-07-08,6222.0,-29.31039257808387,6277.5714285714275,-26.26103599334366
178,2023-07-09,6214.0,-70.69827404646064,6324.428571428572,-39.73029738211092
179,2023-07-10,6346.0,-41.555416903603515,6376.571428571428,10.983988332175073
180,2023-07-11,6498.0,19.962790379309595,6423.428571428572,54.608638192118846
181,2023-07-12,6521.0,54.92077357258691,6465.0,1.07922642741309
182,2023-07-13,6604.0,54.1168520039595,6501.285714285714,48.59743371032673
183,2023-07-14,6559.0,12.563667572292026,6542.142857142857,4.293475284851091
184,2023-07-15,6513.0,-29.31039257808387,6595.857142857143,-53.546750279059246
185,2023-07-16,6468.0,-70.69827404646064,6664.428571428571,-125.73029738211001
186,2023-07-17,6632.0,-41.555416903603515,6737.571428571428,-64.01601166782493
187,2023-07-18,6874.0,19.962790379309595,6814.142857142857,39.89435247783352
188,2023-07-19,7001.0,54.92077357258691,6894.142857142857,51.93636928455621
189,2023-07-20,7116.0,54.1168520039595,6977.571428571428,84.31171942461205
190,2023-07-21,7095.0,12.563667572292026,7061.571428571428,20.864903856279533
191,2023-07-22,7073.0,-29.31039257808387,7152.428571428572,-50.11817885048769
192,2023-07-23,7052.0,-70.69827404646064,7244.714285714286,-122.0160116678256
193,2023-07-24,7220.0,-41.555416903603515,7335.857142857143,-74.3017259535396
194,2023-07-25,7510.0,19.962790379309595,7425.999999999999,64.03720962069131
195,2023-07-26,7647.0,54.92077357258691,7515.428571428571,76.65065499884244
196,2023-07-27,7754.0,54.1168520039595,7603.857142857142,96.02600513889828
197,2023-07-28,7726.0,12.563667572292026,7686.714285714286,26.72204671342174
198,2023-07-29,7699.0,-29.31039257808387,7771.428571428572,-43.11817885048769
199,2023-07-30,7671.0,-70.69827404646064,7859.142857142856,-117.44458309639533
200,2023-07-31,7800.0,-41.555416903603515,7936.285714285715,-94.73029738211116
201,2023-08-01,8103.0,19.962790379309595,8017.571428571428,65.46578104926196
202,2023-08-02,8261.0,54.92077357258691,8103.0,103.07922642741309
203,2023-08-03,8294.0,54.1168520039595,8192.571428571428,47.31171942461297
204,2023-08-04,8295.0,12.563667572292026,8291.57142857143,-9.135096143721377
205,2023-08-05,8297.0,-29.31039257808387,8380.42857142857,-54.11817885048678
206,2023-08-06,8298.0,-70.69827404646064,8470.0,-101.30172595353936
207,2023-08-07,8493.0,-41.555416903603515,8558.571428571428,-24.016011667824017
208,2023-08-08,8725.0,19.962790379309595,8664.142857142855,40.89435247783534
209,2023-08-09,8888.0,54.92077357258691,8786.571428571428,46.50779785598556
210,2023-08-10,8914.0,54.1168520039595,8925.999999999998,-66.11685200395769
211,2023-08-11,9034.0,12.563667572292026,9054.714285714286,-33.27795328657826
212,2023-08-12,9154.0,-29.31039257808387,9167.42857142857,15.881821149513222
213,2023-08-13,9274.0,-70.69827404646064,9274.0,70.69827404646064
214,2023-08-14,9394.0,-41.555416903603515,9385.42857142857,50.126845475032866
215,2023-08-15,9514.0,19.962790379309595,9469.714285714286,24.32292390640417
216,2023-08-16,9634.0,54.92077357258691,9526.714285714286,52.364940713126856
217,2023-08-17,9694.0,54.1168520039595,9556.57142857143,83.31171942461114
218,2023-08-18,9624.0,12.563667572292026,9595.714285714286,15.72204671342174
219,2023-08-19,9553.0,-29.31039257808387,9653.857142857141,-71.54675027905742
220,2023-08-20,9483.0,-70.69827404646064,9716.285714285714,-162.5874402392531
221,2023-08-21,9668.0,-41.555416903603515,9763.714285714284,-54.1588688106809
222,2023-08-22,9921.0,19.962790379309595,9813.857142857143,87.18006676354729
223,2023-08-23,10071.0,54.92077357258691,9866.857142857143,149.22208357026997
224,2023-08-24,10026.0,54.1168520039595,9922.571428571428,49.31171942461297
225,2023-08-25,9975.0,12.563667572292026,9971.714285714284,-9.277953286576441
226,2023-08-26,9924.0,-29.31039257808387,10008.714285714284,-55.403893136200544
227,2023-08-27,9873.0,-70.69827404646064,10038.571428571428,-94.87315452496689
228,2023-08-28,10012.0,-41.555416903603515,10054.857142857141,-1.3017259535377832
229,2023-08-29,10180.0,19.962790379309595,10072.999999999998,87.03720962069222
230,2023-08-30,10280.0,54.92077357258691,10093.0,132.0792264274131
231,2023-08-31,10140.0,54.1168520039595,10114.857142857141,-28.9739948611008
232,2023-09-01,10102.0,12.563667572292026,10111.42857142857,-21.992239000862675
233,2023-09-02,10064.0,-29.31039257808387,10106.0,-12.68960742191613
234,2023-09-03,10026.0,-70.69827404646064,10116.857142857141,-20.15886881068066
235,2023-09-04,9988.0,-41.555416903603515,10156.714285714284,-127.1588688106809
236,2023-09-05,10142.0,19.962790379309595,10195.428571428572,-73.39136180788206
237,2023-09-06,10356.0,54.92077357258691,10233.142857142857,67.9363692845562
238,2023-09-07,10419.0,54.1168520039595,10269.714285714284,95.16886228175608
239,2023-09-08,10373.0,12.563667572292026,10341.714285714284,18.72204671342356
240,2023-09-09,10328.0,-29.31039257808387,10414.142857142857,-56.83246456477301
241,2023-09-10,10282.0,-70.69827404646064,10460.142857142855,-107.44458309639442
242,2023-09-11,10492.0,-41.555416903603515,10519.857142857141,13.698274046462217
243,2023-09-12,10649.0,19.962790379309595,10584.285714285714,44.75149533497664
244,2023-09-13,10678.0,54.92077357258691,10653.428571428572,-30.349345001159378
245,2023-09-14,10837.0,54.1168520039595,10727.285714285714,55.59743371032673
246,2023-09-15,10824.0,12.563667572292026,10784.42857142857,27.007760999137325
247,2023-09-16,10812.0,-29.31039257808387,10848.142857142857,-6.832464564773012
248,2023-09-17,10799.0,-70.69827404646064,10903.285714285714,-33.58744023925313
249,2023-09-18,10892.0,-41.555416903603515,10936.142857142857,-2.587440239253368
250,2023-09-19,11095.0,19.962790379309595,10955.428571428569,119.60863819212157
251,2023-09-20,11064.0,54.92077357258691,10961.142857142855,47.936369284558026
252,2023-09-21,11067.0,54.1168520039595,10953.285714285714,59.59743371032673
253,2023-09-22,10959.0,12.563667572292026,10946.142857142857,0.2934752848510911
254,2023-09-23,10852.0,-29.31039257808387,10929.42857142857,-48.11817885048678
255,2023-09-24,10744.0,-70.69827404646064,10922.714285714286,-108.0160116678256
256,2023-09-25,10842.0,-41.555416903603515,10910.857142857141,-27.301725953537783
257,2023-09-26,10978.0,19.962790379309595,10896.0,62.037209620690405
258,2023-09-27,11017.0,54.92077357258691,10878.142857142857,83.9363692845562
259,2023-09-28,10984.0,54.1168520039595,10857.285714285714,72.59743371032673
260,2023-09-29,10855.0,12.563667572292026,10840.42857142857,2.007760999137325
261,2023-09-30,10727.0,-29.31039257808387,10817.571428571428,-61.26103599334366
262,2023-10-01,10598.0,-70.69827404646064,10809.857142857141,-141.15886881068064
263,2023-10-02,10724.0,-41.555416903603515,10830.714285714286,-65.15886881068272
264,2023-10-03,10818.0,19.962790379309595,10858.714285714286,-60.67707609359583
265,2023-10-04,10963.0,54.92077357258691,10893.714285714284,14.364940713128675
266,2023-10-05,11130.0,54.1168520039595,10935.999999999998,139.8831479960423
267,2023-10-06,11051.0,12.563667572292026,10949.0,89.43633242770798
268,2023-10-07,10972.0,-29.31039257808387,10962.142857142855,39.16753543522881
269,2023-10-08,10894.0,-70.69827404646064,10961.714285714286,2.9839883321744054
270,2023-10-09,10815.0,-41.555416903603515,10941.999999999998,-85.44458309639467
271,2023-10-10,10910.0,19.962790379309595,10913.571428571428,-23.534218950737127
272,2023-10-11,10960.0,54.92077357258691,10876.285714285714,28.793512141699324
273,2023-10-12,10992.0,54.1168520039595,10830.142857142855,107.74029085318543
274,2023-10-13,10852.0,12.563667572292026,10803.571428571426,35.86490385628226
275,2023-10-14,10711.0,-29.31039257808387,10763.571428571428,-23.26103599334366
276,2023-10-15,10571.0,-70.69827404646064,10699.428571428569,-57.73029738210819
277,2023-10-16,10629.0,-41.555416903603515,10603.285714285714,67.26970261788975
278,2023-10-17,10630.0,19.962790379309595,10488.42857142857,121.60863819211976
279,2023-10-18,10511.0,54.92077357258691,10355.0,101.07922642741309
280,2023-10-19,10319.0,54.1168520039595,10202.857142857143,62.02600513889738
281,2023-10-20,10048.0,12.563667572292026,10032.42857142857,3.007760999137325
282,2023-10-21,9777.0,-29.31039257808387,9856.142857142855,-49.83246456477119
283,2023-10-22,9506.0,-70.69827404646064,9690.42857142857,-113.73029738211001
284,2023-10-23,9436.0,-41.555416903603515,9535.571428571428,-58.01601166782402
285,2023-10-24,9396.0,19.962790379309595,9404.714285714286,-28.67707609359583
286,2023-10-25,9351.0,54.92077357258691,9297.714285714284,-1.635059286871325
287,2023-10-26,9235.0,54.1168520039595,9214.714285714284,-33.831137718243916
288,2023-10-27,9132.0,12.563667572292026,9156.142857142857,-36.70652471514891
289,2023-10-28,9028.0,-29.31039257808387,9109.857142857141,-52.54675027905743
290,2023-10-29,8925.0,-70.69827404646064,9095.42857142857,-99.73029738211001
291,2023-10-30,9026.0,-41.555416903603515,9125.0,-57.444583096396485
292,2023-10-31,9072.0,19.962790379309595,9161.285714285714,-109.24850466502336
293,2023-11-01,9250.0,54.92077357258691,9204.285714285716,-9.206487858302495
294,2023-11-02,9442.0,54.1168520039595,9254.0,133.8831479960405
295,2023-11-03,9386.0,12.563667572292026,9291.142857142857,82.2934752848511
296,2023-11-04,9329.0,-29.31039257808387,9349.857142857141,8.453249720942573
297,2023-11-05,9273.0,-70.69827404646064,9404.714285714284,-61.016011667823776
298,2023-11-06,9286.0,-41.555416903603515,9426.571428571428,-99.01601166782402
299,2023-11-07,9483.0,19.962790379309595,9450.857142857143,12.180066763547288
300,2023-11-08,9634.0,54.92077357258691,9477.571428571428,101.50779785598556
301,2023-11-09,9595.0,54.1168520039595,9506.714285714284,34.168862281756084
302,2023-11-10,9556.0,12.563667572292026,9538.714285714286,4.72204671342174
303,2023-11-11,9516.0,-29.31039257808387,9564.714285714286,-19.403893136202363
304,2023-11-12,9477.0,-70.69827404646064,9583.0,-35.30172595353936
305,2023-11-13,9510.0,-41.555416903603515,9606.857142857141,-55.30172595353778
306,2023-11-14,9665.0,19.962790379309595,9627.285714285714,17.75149533497664
307,2023-11-15,9762.0,54.92077357258691,9644.428571428569,62.65065499884426
308,2023-11-16,9762.0,54.1168520039595,9658.142857142855,49.740290853185435
309,2023-11-17,9699.0,12.563667572292026,9676.42857142857,10.007760999137325
310,2023-11-18,9636.0,-29.31039257808387,9696.285714285714,-30.975321707629895
311,2023-11-19,9573.0,-70.69827404646064,9704.714285714286,-61.016011667825595
312,2023-11-20,9638.0,-41.555416903603515,9715.571428571428,-36.01601166782402
313,2023-11-21,9804.0,19.962790379309595,9735.714285714286,48.32292390640417
314,2023-11-22,9821.0,54.92077357258691,9765.285714285714,0.793512141699324
315,2023-11-23,9838.0,54.1168520039595,9804.142857142857,-20.259709146816384
316,2023-11-24,9840.0,12.563667572292026,9873.42857142857,-45.992239000862675
317,2023-11-25,9843.0,-29.31039257808387,9933.285714285714,-60.975321707629895
318,2023-11-26,9845.0,-70.69827404646064,10015.714285714284,-100.01601166782378
319,2023-11-27,10123.0,-41.555416903603515,10115.42857142857,49.126845475032866
320,2023-11-28,10223.0,19.962790379309595,10216.857142857143,-13.819933236452712
321,2023-11-29,10398.0,54.92077357258691,10320.0,23.07922642741309
322,2023-11-30,10536.0,54.1168520039595,10424.857142857141,57.0260051388992
323,2023-12-01,10550.0,12.563667572292026,10497.999999999998,39.43633242770979
324,2023-12-02,10565.0,-29.31039257808387,10574.857142857141,19.453249720942573
325,2023-12-03,10579.0,-70.69827404646064,10636.857142857141,12.841131189319341
326,2023-12-04,10635.0,-41.555416903603515,10688.42857142857,-11.873154524967134
327,2023-12-05,10761.0,19.962790379309595,10736.714285714284,4.32292390640599
328,2023-12-06,10832.0,54.92077357258691,10781.714285714284,-4.635059286871325
329,2023-12-07,10897.0,54.1168520039595,10823.42857142857,19.45457656746985
330,2023-12-08,10888.0,12.563667572292026,10875.285714285714,0.1506181419942081
331,2023-12-09,10880.0,-29.31039257808387,10920.42857142857,-11.118178850486778
332,2023-12-10,10871.0,-70.69827404646064,10971.857142857141,-30.15886881068066
333,2023-12-11,10998.0,-41.555416903603515,11021.142857142857,18.412559760746632
334,2023-12-12,11077.0,19.962790379309595,11064.57142857143,-7.534218950738946
335,2023-12-13,11192.0,54.92077357258691,11102.0,35.07922642741309
336,2023-12-14,11242.0,54.1168520039595,11133.571428571428,54.31171942461297
337,2023-12-15,11192.0,12.563667572292026,11155.142857142857,24.29347528485109
338,2023-12-16,11142.0,-29.31039257808387,11185.714285714284,-14.403893136200544
339,2023-12-17,11092.0,-70.69827404646064,11231.999999999998,-69.30172595353754
340,2023-12-18,11149.0,-41.555416903603515,11251.0,-60.444583096396485
341,2023-12-19,11291.0,19.962790379309595,11268.857142857141,2.1800667635491067
342,2023-12-20,11516.0,54.92077357258691,11285.714285714286,175.36494071312686
343,2023-12-21,11375.0,54.1168520039595,11301.428571428569,19.45457656747167
344,2023-12-22,11317.0,12.563667572292026,11300.714285714284,3.722046713423559
345,2023-12-23,11260.0,-29.31039257808387,11290.142857142855,-0.8324645647711932
346,2023-12-24,11202.0,-70.69827404646064,11245.857142857141,26.84113118931934
347,2023-12-25,11144.0,-41.555416903603515,11225.142857142855,-39.58744023925155
348,2023-12-26,11217.0,19.962790379309595,11199.857142857141,-2.8199332364508933
349,2023-12-27,11206.0,54.92077357258691,11169.857142857141,-18.777916429728208
350,2023-12-28,11230.0,54.1168520039595,11135.285714285714,40.59743371032673
351,2023-12-29,11140.0,12.563667572292026,11096.142857142857,31.29347528485109
352,2023-12-30,11050.0,-29.31039257808387,11032.285714285714,47.024678292370105
353,2023-12-31,10960.0,-70.69827404646064,10962.571428571426,68.12684547503493
354,2024-01-01,10870.0,-41.555416903603515,10866.571428571428,44.98398833217598
355,2024-01-02,10770.0,19.962790379309595,10741.142857142857,8.894352477833522
356,2024-01-03,10718.0,54.92077357258691,10586.285714285714,76.79351214169932
357,2024-01-04,10558.0,54.1168520039595,10402.0,101.88314799604049
358,2024-01-05,10262.0,12.563667572292026,10230.571428571428,18.864903856280442
359,2024-01-06,9966.0,-29.31039257808387,10022.142857142857,-26.832464564773012
360,2024-01-07,9670.0,-70.69827404646064,9797.285714285714,-56.58744023925313
361,2024-01-08,9670.0,-41.555416903603515,9550.285714285714,161.26970261788975
362,2024-01-09,9311.0,19.962790379309595,9317.142857142857,-26.10564752216648
363,2024-01-10,9144.0,54.92077357258691,9097.857142857141,-8.777916429728208
364,2024-01-11,8829.0,54.1168520039595,8892.428571428572,-117.54542343253198
365,2024-01-12,8630.0,12.563667572292026,8658.571428571428,-41.13509614371956
366,2024-01-13,8431.0,-29.31039257808387,8490.285714285714,-29.975321707629895
367,2024-01-14,8232.0,-70.69827404646064,8337.142857142857,-34.444583096396244
368,2024-01-15,8033.0,-41.555416903603515,8224.714285714286,-150.15886881068272
369,2024-01-16,8133.0,19.962790379309595,8137.428571428572,-24.391361807881154
370,2024-01-17,8072.0,54.92077357258691,8075.428571428572,-58.34934500115847
371,2024-01-18,8042.0,54.1168520039595,8038.571428571428,-50.68828057538794
372,2024-01-19,8019.0,12.563667572292026,8035.0,-28.563667572292026
373,2024-01-20,7997.0,-29.31039257808387,8035.0,-8.68960742191613
374,2024-01-21,7974.0,-70.69827404646064,8055.0,-10.30172595353936
375,2024-01-22,8008.0,-41.555416903603515,8074.714285714285,-25.15886881068181
376,2024-01-23,8133.0,19.962790379309595,8089.285714285714,23.75149533497664
377,2024-01-24,8212.0,54.92077357258691,8098.714285714285,58.364940713127766
378,2024-01-25,8180.0,54.1168520039595,8103.0,22.8831479960405
379,2024-01-26,8121.0,12.563667572292026,8110.0,-1.563667572292026
380,2024-01-27,8063.0,-29.31039257808387,8117.0,-24.68960742191613
381,2024-01-28,8004.0,-70.69827404646064,8108.571428571428,-33.8731545249678
382,2024-01-29,8057.0,-41.555416903603515,8086.571428571428,11.983988332175073
383,2024-01-30,8182.0,19.962790379309595,8062.857142857142,99.1800667635482
384,2024-01-31,8153.0,54.92077357258691,8037.285714285714,60.793512141699324
385,2024-02-01,8026.0,54.1168520039595,8010.0,-38.1168520039595
386,2024-02-02,7955.0,12.563667572292026,7983.571428571428,-41.13509614372047
387,2024-02-03,7884.0,-29.31039257808387,7964.0,-50.68960742191613
388,2024-02-04,7813.0,-70.69827404646064,7964.999999999999,-81.30172595353845
389,2024-02-05,7872.0,-41.555416903603515,7988.142857142855,-74.58744023925155
390,2024-02-06,8045.0,19.962790379309595,8015.142857142856,9.894352477834431
391,2024-02-07,8160.0,54.92077357258691,8045.999999999999,59.079226427414
392,2024-02-08,8188.0,54.1168520039595,8080.714285714285,53.168862281755175
393,2024-02-09,8144.0,12.563667572292026,8112.142857142857,19.29347528485109
394,2024-02-10,8100.0,-29.31039257808387,8155.428571428571,-26.11817885048678
395,2024-02-11,8056.0,-70.69827404646064,8205.714285714286,-79.0160116678256
396,2024-02-12,8092.0,-41.555416903603515,8245.0,-111.44458309639649
397,2024-02-13,8348.0,19.962790379309595,8287.571428571428,40.46578104926287
398,2024-02-14,8512.0,54.92077357258691,8333.57142857143,123.50779785598374
399,2024-02-15,8463.0,54.1168520039595,8382.857142857143,26.026005138897382
400,2024-02-16,8442.0,12.563667572292026,8424.0,5.436332427707974
401,2024-02-17,8422.0,-29.31039257808387,8444.0,7.310392578083871
402,2024-02-18,8401.0,-70.69827404646064,8452.714285714284,18.983988332176224
403,2024-02-19,8380.0,-41.555416903603515,8473.285714285714,-51.73029738211025
404,2024-02-20,8488.0,19.962790379309595,8487.142857142857,-19.10564752216648
405,2024-02-21,8573.0,54.92077357258691,8494.285714285714,23.793512141699324
406,2024-02-22,8607.0,54.1168520039595,8494.714285714286,58.168862281754265
407,2024-02-23,8539.0,12.563667572292026,8498.142857142857,28.29347528485109
408,2024-02-24,8472.0,-29.31039257808387,8521.285714285714,-19.975321707629895
409,2024-02-25,8404.0,-70.69827404646064,8539.285714285714,-64.58744023925313
410,2024-02-26,8404.0,-41.555416903603515,8555.999999999998,-110.44458309639467
411,2024-02-27,8650.0,19.962790379309595,8576.285714285714,53.75149533497664
412,2024-02-28,8699.0,54.92077357258691,8599.857142857141,44.22208357027179
413,2024-02-29,8724.0,54.1168520039595,8627.0,42.8831479960405
414,2024-03-01,8681.0,12.563667572292026,8663.571428571428,4.864903856280442
415,2024-03-02,8637.0,-29.31039257808387,8685.0,-18.68960742191613
416,2024-03-03,8594.0,-70.69827404646064,8709.42857142857,-44.73029738211001
417,2024-03-04,8660.0,-41.555416903603515,8734.857142857141,-33.30172595353778
418,2024-03-05,8800.0,19.962790379309595,8757.42857142857,22.608638192119756
419,2024-03-06,8870.0,54.92077357258691,8777.42857142857,37.65065499884244
420,2024-03-07,8902.0,54.1168520039595,8794.571428571428,53.31171942461297
421,2024-03-08,8839.0,12.563667572292026,8808.428571428572,18.007760999135506
422,2024-03-09,8777.0,-29.31039257808387,8814.57142857143,-8.26103599334548
423,2024-03-10,8714.0,-70.69827404646064,8807.285714285714,-22.587440239253127
424,2024-03-11,8757.0,-41.555416903603515,8777.714285714286,20.84113118931728
425,2024-03-12,8843.0,19.962790379309595,8741.857142857143,81.18006676354729
426,2024-03-13,8819.0,54.92077357258691,8699.42857142857,64.65065499884244
427,2024-03-14,8695.0,54.1168520039595,8650.714285714286,-9.831137718245735
428,2024-03-15,8588.0,12.563667572292026,8590.142857142857,-14.706524715148909
429,2024-03-16,8480.0,-29.31039257808387,8525.428571428572,-16.118178850488597
430,2024-03-17,8373.0,-70.69827404646064,8460.571428571428,-16.873154524966893
431,2024-03-18,8333.0,-41.555416903603515,8403.0,-28.444583096396485
432,2024-03-19,8390.0,19.962790379309595,8342.0,28.037209620690405
433,2024-03-20,8365.0,54.92077357258691,8277.714285714286,32.364940713126856
434,2024-03-21,8292.0,54.1168520039595,8210.0,27.8831479960405
435,2024-03-22,8161.0,12.563667572292026,8148.0,0.4363324277079741
436,2024-03-23,8030.0,-29.31039257808387,8080.714285714286,-21.403893136202363
437,2024-03-24,7899.0,-70.69827404646064,8013.285714285715,-43.587440239254036
438,2024-03-25,7899.0,-41.555416903603515,7937.571428571428,2.9839883321750733
439,2024-03-26,7919.0,19.962790379309595,7856.571428571428,42.46578104926196
440,2024-03-27,7893.0,54.92077357258691,7770.142857142857,67.9363692845562
441,2024-03-28,7762.0,54.1168520039595,7678.428571428571,29.45457656746985
442,2024-03-29,7594.0,12.563667572292026,7588.714285714284,-7.277953286576441
443,2024-03-30,7425.0,-29.31039257808387,7505.999999999999,-51.68960742191522
444,2024-03-31,7257.0,-70.69827404646064,7427.857142857142,-100.15886881068157
445,2024-04-01,7271.0,-41.555416903603515,7364.285714285714,-51.73029738211025
446,2024-04-02,7340.0,19.962790379309595,7308.714285714284,11.32292390640599
447,2024-04-03,7346.0,54.92077357258691,7261.42857142857,29.65065499884335
448,2024-04-04,7317.0,54.1168520039595,7222.142857142857,40.740290853183616
449,2024-04-05,7205.0,12.563667572292026,7181.714285714286,10.72204671342174
450,2024-04-06,7094.0,-29.31039257808387,7139.285714285714,-15.975321707629895
451,2024-04-07,6982.0,-70.69827404646064,7089.714285714286,-37.016011667825595
452,2024-04-08,6988.0,-41.555416903603515,7031.857142857143,-2.301725953539602
453,2024-04-09,7043.0,19.962790379309595,6976.571428571428,46.46578104926196
454,2024-04-10,6999.0,54.92077357258691,6923.714285714285,20.364940713127766
455,2024-04-11,6912.0,54.1168520039595,6873.428571428571,-15.54542343253015
456,2024-04-12,6818.0,12.563667572292026,6829.571428571428,-24.135096143720467
457,2024-04-13,6724.0,-29.31039257808387,6778.428571428572,-25.118178850487688
458,2024-04-14,6630.0,-70.69827404646064,6739.285714285714,-38.58744023925313
459,2024-04-15,6681.0,-41.555416903603515,6712.999999999999,9.555416903604424
460,2024-04-16,6685.0,19.962790379309595,6700.999999999999,-35.962790379308686
461,2024-04-17,6725.0,54.92077357258691,6703.142857142857,-33.06363071544379
462,2024-04-18,6728.0,54.1168520039595,6719.5714285714275,-45.68828057538703
463,2024-04-19,6734.0,12.563667572292026,6736.428571428571,-14.992239000862675
464,2024-04-20,6739.0,-29.31039257808387,6776.714285714284,-8.403893136200544
465,2024-04-21,6745.0,-70.69827404646064,6834.285714285714,-18.587440239253127
466,2024-04-22,6799.0,-41.555416903603515,6903.0,-62.444583096396485
467,2024-04-23,6967.0,19.962790379309595,6975.142857142857,-28.10564752216648
468,2024-04-24,7128.0,54.92077357258691,7050.714285714284,22.364940713128675
469,2024-04-25,7209.0,54.1168520039595,7129.714285714285,25.168862281755175
470,2024-04-26,7239.0,12.563667572292026,7211.714285714286,14.72204671342174
471,2024-04-27,7268.0,-29.31039257808387,7277.999999999999,19.31039257808478
472,2024-04-28,7298.0,-70.69827404646064,7332.285714285714,36.41255976074687
473,2024-04-29,7373.0,-41.555416903603515,7384.857142857142,29.698274046461307
474,2024-04-30,7431.0,19.962790379309595,7427.0,-15.962790379309595
475,2024-05-01,7508.0,54.92077357258691,7458.714285714286,-5.635059286873144
476,2024-05-02,7577.0,54.1168520039595,7480.0,42.8831479960405
477,2024-05-03,7534.0,12.563667572292026,7490.857142857143,30.579189570564857
478,2024-05-04,7490.0,-29.31039257808387,7510.142857142857,9.167535435226988
479,2024-05-05,7447.0,-70.69827404646064,7520.857142857143,-3.1588688106824776
480,2024-05-06,7449.0,-41.555416903603515,7519.857142857142,-29.301725953538693
481,2024-05-07,7566.0,19.962790379309595,7520.0,26.037209620690405
482,2024-05-08,7583.0,54.92077357258691,7521.285714285714,6.793512141699324
483,2024-05-09,7570.0,54.1168520039595,7523.714285714284,-7.831137718243916
484,2024-05-10,7535.0,12.563667572292026,7530.857142857141,-8.420810429433324
485,2024-05-11,7499.0,-29.31039257808387,7527.999999999998,0.31039257808568976
486,2024-05-12,7464.0,-70.69827404646064,7528.857142857141,5.841131189319341
487,2024-05-13,7499.0,-41.555416903603515,7528.142857142856,12.412559760747541
488,2024-05-14,7546.0,19.962790379309595,7522.428571428571,3.6086381921197557
489,2024-05-15,7589.0,54.92077357258691,7511.999999999999,22.079226427414
490,2024-05-16,7565.0,54.1168520039595,7496.571428571428,14.311719424612058
491,2024-05-17,7495.0,12.563667572292026,7477.857142857142,4.579189570565767
492,2024-05-18,7426.0,-29.31039257808387,7457.571428571428,-2.2610359933445707
493,2024-05-19,7356.0,-70.69827404646064,7441.142857142856,-14.444583096395334
494,2024-05-20,7368.0,-41.555416903603515,7430.999999999999,-21.444583096395576
495,2024-05-21,7404.0,19.962790379309595,7426.285714285714,-42.24850466502336
496,2024-05-22,7474.0,54.92077357258691,7426.857142857142,-7.7779164297291175
497,2024-05-23,7494.0,54.1168520039595,7432.714285714284,7.168862281756084
498,2024-05-24,7462.0,12.563667572292026,7432.285714285714,17.150618141994208
499,2024-05-25,7430.0,-29.31039257808387,7434.285714285713,25.024678292371014
500,2024-05-26,7397.0,-70.69827404646064,7436.714285714284,30.983988332176224
501,2024-05-27,7365.0,-41.555416903603515,7446.5714285714275,-40.01601166782402
502,2024-05-28,7418.0,19.962790379309595,7460.142857142856,-62.10564752216557
503,2024-05-29,7491.0,54.92077357258691,7477.571428571428,-41.49220214401535
504,2024-05-30,7563.0,54.1168520039595,7498.857142857143,10.026005138897382
505,2024-05-31,7557.0,12.563667572292026,7531.857142857142,12.579189570565767
506,2024-06-01,7552.0,-29.31039257808387,7552.857142857142,28.453249720941663
507,2024-06-02,7546.0,-70.69827404646064,7581.428571428571,35.26970261788999
508,2024-06-03,7596.0,-41.555416903603515,7606.857142857142,30.698274046461307
509,2024-06-04,7565.0,19.962790379309595,7619.285714285714,-74.24850466502336
510,2024-06-05,7691.0,54.92077357258691,7618.714285714284,17.364940713128675
511,2024-06-06,7741.0,54.1168520039595,7605.142857142858,81.7402908531827
512,2024-06-07,7644.0,12.563667572292026,7582.714285714284,48.72204671342356
513,2024-06-08,7548.0,-29.31039257808387,7572.428571428572,4.881821149512312
514,2024-06-09,7451.0,-70.69827404646064,7552.0,-30.30172595353936
515,2024-06-10,7439.0,-41.555416903603515,7523.857142857142,-43.30172595353869
516,2024-06-11,7493.0,19.962790379309595,7498.285714285714,-25.24850466502336
517,2024-06-12,7548.0,54.92077357258691,7475.142857142857,17.936369284556207
518,2024-06-13,7544.0,54.1168520039595,7454.571428571428,35.31171942461206
519,2024-06-14,7465.0,12.563667572292026,7437.285714285714,15.150618141994208
520,2024-06-15,7386.0,-29.31039257808387,7415.428571428572,-0.11817885048768773
521,2024-06-16,7307.0,-70.69827404646064,7399.0,-21.30172595353936
522,2024-06-17,7318.0,-41.555416903603515,7382.857142857143,-23.301725953539602
523,2024-06-18,7340.0,19.962790379309595,7369.285714285715,-49.24850466502427
524,2024-06-19,7433.0,54.92077357258691,7358.142857142857,19.936369284556207
525,2024-06-20,7431.0,54.1168520039595,7349.571428571429,27.311719424611148
526,2024-06-21,7370.0,12.563667572292026,7338.285714285714,19.150618141994208
527,2024-06-22,7308.0,-29.31039257808387,7323.857142857143,13.453249720940754
528,2024-06-23,7247.0,-70.69827404646064,7300.285714285714,17.412559760746873
529,2024-06-24,7239.0,-41.555416903603515,7274.142857142858,6.412559760745722
530,2024-06-25,7239.0,19.962790379309595,7238.857142857143,-19.819933236452712
531,2024-06-26,7268.0,54.92077357258691,7194.714285714286,18.364940713126856
532,2024-06-27,7248.0,54.1168520039595,7141.428571428572,52.45457656746894
533,2024-06-28,7123.0,12.563667572292026,7082.285714285715,28.1506181419933
534,2024-06-29,6999.0,-29.31039257808387,7022.857142857142,5.453249720941663
535,2024-06-30,6874.0,-70.69827404646064,6956.857142857143,-12.158868810682478
536,2024-07-01,6825.0,-41.555416903603515,6891.428571428571,-24.873154524967134
537,2024-07-02,6823.0,19.962790379309595,6834.714285714286,-31.67707609359583
538,2024-07-03,6806.0,54.92077357258691,6786.714285714286,-35.635059286873144
539,2024-07-04,6790.0,54.1168520039595,6747.428571428572,-11.54542343253106
540,2024-07-05,6726.0,12.563667572292026,6717.714285714284,-4.277953286576441
541,2024-07-06,6663.0,-29.31039257808387,6693.142857142857,-0.8324645647730122
542,2024-07-07,6599.0,-70.69827404646064,6670.714285714285,-1.016011667824685
543,2024-07-08,6617.0,-41.555416903603515,6649.285714285714,9.269702617889749
544,2024-07-09,6651.0,19.962790379309595,6621.142857142857,9.894352477833522
545,2024-07-10,6649.0,54.92077357258691,6586.285714285714,7.793512141699324
546,2024-07-11,6640.0,54.1168520039595,6544.714285714285,41.168862281755175
547,2024-07-12,6529.0,12.563667572292026,6496.999999999999,19.436332427708884
548,2024-07-13,6419.0,-29.31039257808387,6438.142857142857,10.167535435226988
549,2024-07-14,6308.0,-70.69827404646064,6377.999999999999,0.6982740464615489
550,2024-07-15,6283.0,-41.555416903603515,6313.142857142857,11.412559760746632
551,2024-07-16,6239.0,19.962790379309595,6257.999999999999,-38.962790379308686
552,2024-07-17,6228.0,54.92077357258691,6212.428571428572,-39.34934500115847
553,2024-07-18,6186.0,54.1168520039595,6176.714285714286,-44.831137718245735
554,2024-07-19,6143.0,12.563667572292026,6136.571428571428,-6.135096143720467
555,2024-07-20,6100.0,-29.31039257808387,6097.428571428572,31.881821149512312
556,2024-07-21,6058.0,-70.69827404646064,6054.428571428571,74.26970261788999
557,2024-07-22,6002.0,-41.555416903603515,6021.285714285714,22.26970261788975
558,2024-07-23,5965.0,19.962790379309595,5984.285714285713,-39.24850466502245
559,2024-07-24,5927.0,54.92077357258691,5943.285714285715,-71.20648785830159
560,2024-07-25,5954.0,54.1168520039595,5898.285714285715,1.5974337103258236
561,2024-07-26,5884.0,12.563667572292026,5872.142857142857,-0.7065247151489089
562,2024-07-27,5813.0,-29.31039257808387,5867.142857142857,-24.832464564773012
563,2024-07-28,5743.0,-70.69827404646064,5872.285714285714,-58.58744023925313
564,2024-07-29,5819.0,-41.555416903603515,5881.142857142858,-20.587440239254278
565,2024-07-30,5930.0,19.962790379309595,5896.571428571428,13.465781049261963
566,2024-07-31,5963.0,54.92077357258691,5918.571428571428,-10.492202144015351
567,2024-08-01,6016.0,54.1168520039595,5947.142857142857,14.740290853183616
568,2024-08-02,5992.0,12.563667572292026,5965.857142857143,13.579189570564857
569,2024-08-03,5967.0,-29.31039257808387,5975.571428571428,20.73896400665543
570,2024-08-04,5943.0,-70.69827404646064,5986.285714285715,27.412559760745964
571,2024-08-05,5950.0,-41.555416903603515,5996.0,-4.444583096396485
572,2024-08-06,5998.0,19.962790379309595,6000.142857142857,-22.10564752216648
573,2024-08-07,6038.0,54.92077357258691,5998.714285714285,-15.635059286872234
574,2024-08-08,6084.0,54.1168520039595,5991.714285714285,38.168862281755175
575,2024-08-09,6021.0,12.563667572292026,5985.0,23.436332427707974
576,2024-08-10,5957.0,-29.31039257808387,5982.571428571428,3.7389640066554293
577,2024-08-11,5894.0,-70.69827404646064,5975.285714285714,-10.587440239253127
578,2024-08-12,5903.0,-41.555416903603515,5948.285714285714,-3.730297382110251
579,2024-08-13,5981.0,19.962790379309595,5926.714285714285,34.32292390640508
580,2024-08-14,5987.0,54.92077357258691,5910.857142857142,21.222083570270883
581,2024-08-15,5895.0,54.1168520039595,5900.428571428571,-59.54542343253015
582,2024-08-16,5870.0,12.563667572292026,5895.0,-37.563667572292026
583,2024-08-17,5846.0,-29.31039257808387,5897.0,-21.68960742191613
584,2024-08-18,5821.0,-70.69827404646064,5902.857142857143,-11.158868810682478
585,2024-08-19,5865.0,-41.555416903603515,5925.571428571428,-19.016011667824927
586,2024-08-20,5995.0,19.962790379309595,5954.714285714285,20.32292390640508
587,2024-08-21,6028.0,54.92077357258691,5990.0,-16.92077357258691
588,2024-08-22,6054.0,54.1168520039595,6031.714285714286,-31.831137718245735
589,2024-08-23,6074.0,12.563667572292026,6069.857142857143,-8.420810429435143
590,2024-08-24,6093.0,-29.31039257808387,6092.285714285714,30.024678292370105
591,2024-08-25,6113.0,-70.69827404646064,6120.714285714285,62.983988332175315
592,2024-08-26,6132.0,-41.555416903603515,6148.714285714285,24.84113118931819
593,2024-08-27,6152.0,19.962790379309595,6171.857142857143,-39.81993323645271
594,2024-08-28,6227.0,54.92077357258691,6190.142857142857,-18.063630715443793
595,2024-08-29,6250.0,54.1168520039595,6203.428571428571,-7.54542343253015
596,2024-08-30,6236.0,12.563667572292026,6211.999999999999,11.436332427708884
597,2024-08-31,6221.0,-29.31039257808387,6229.142857142857,21.167535435226988
598,2024-09-01,6206.0,-70.69827404646064,6250.285714285714,26.412559760746873
599,2024-09-02,6192.0,-41.555416903603515,6278.5714285714275,-45.01601166782402
600,2024-09-03,6272.0,19.962790379309595,6302.428571428571,-50.391361807880244
601,2024-09-04,6375.0,54.92077357258691,6321.857142857142,-1.7779164297291175
602,2024-09-05,6448.0,54.1168520039595,6336.999999999999,56.88314799604141
603,2024-09-06,6403.0,12.563667572292026,6360.0,30.436332427707974
604,2024-09-07,6357.0,-29.31039257808387,6377.714285714284,8.596106863799456
605,2024-09-08,6312.0,-70.69827404646064,6382.714285714285,-0.016011667824685105
606,2024-09-09,6353.0,-41.555416903603515,6370.142857142856,24.41255976074754
607,2024-09-10,6396.0,19.962790379309595,6359.142857142856,16.89435247783443
608,2024-09-11,6410.0,54.92077357258691,6348.142857142857,6.936369284556207
609,2024-09-12,6360.0,54.1168520039595,6336.999999999999,-31.11685200395859
610,2024-09-13,6326.0,12.563667572292026,6319.285714285715,-5.849381858006701
611,2024-09-14,6280.0,-29.31039257808387,6295.142857142857,14.167535435226988
612,2024-09-15,6234.0,-70.69827404646064,6271.571428571428,33.1268454750322
613,2024-09-16,6229.0,-41.555416903603515,6258.714285714284,11.8411311893191
614,2024-09-17,6227.0,19.962790379309595,6237.285714285714,-30.24850466502336
615,2024-09-18,6245.0,54.92077357258691,6209.142857142857,-19.063630715443793
616,2024-09-19,6270.0,54.1168520039595,6174.142857142857,41.740290853183616
617,2024-09-20,6176.0,12.563667572292026,6141.714285714286,21.72204671342174
618,2024-09-21,6083.0,-29.31039257808387,6112.571428571428,-0.2610359933445707
619,2024-09-22,5989.0,-70.69827404646064,6084.714285714286,-25.016011667825595
620,2024-09-23,6002.0,-41.555416903603515,6059.0,-15.444583096396485
621,2024-09-24,6023.0,19.962790379309595,6038.857142857143,-35.81993323645271
622,2024-09-25,6050.0,54.92077357258691,6024.142857142857,-29.063630715443793
623,2024-09-26,6090.0,54.1168520039595,6014.999999999999,20.88314799604141
624,2024-09-27,6035.0,12.563667572292026,6010.0,12.436332427707974
625,2024-09-28,5980.0,-29.31039257808387,6012.428571428572,-3.1181788504876877
626,2024-09-29,5925.0,-70.69827404646064,6018.285714285715,-22.587440239254036
627,2024-09-30,5967.0,-41.555416903603515,6022.285714285714,-13.730297382110251
628,2024-10-01,6040.0,19.962790379309595,6028.714285714285,-8.67707609359492
629,2024-10-02,6091.0,54.92077357258691,6037.714285714284,-1.635059286871325
630,2024-10-03,6118.0,54.1168520039595,6049.285714285714,14.597433710326733
631,2024-10-04,6080.0,12.563667572292026,6049.428571428572,18.007760999136416
632,2024-10-05,6043.0,-29.31039257808387,6045.571428571428,26.73896400665543
633,2024-10-06,6006.0,-70.69827404646064,6039.285714285715,37.412559760745964
634,2024-10-07,5968.0,-41.555416903603515,6033.142857142857,-23.587440239253368
635,2024-10-08,6013.0,19.962790379309595,6023.571428571428,-30.534218950738037
636,2024-10-09,6047.0,54.92077357258691,6010.428571428571,-18.34934500115756
637,2024-10-10,6075.0,54.1168520039595,5993.714285714284,27.168862281756084
638,2024-10-11,6013.0,12.563667572292026,5989.0,11.436332427707974
639,2024-10-12,5951.0,-29.31039257808387,5989.0,-8.68960742191613
640,2024-10-13,5889.0,-70.69827404646064,5987.428571428571,-27.73029738211001
641,2024-10-14,5935.0,-41.555416903603515,5987.5714285714275,-11.016011667824017
642,2024-10-15,6013.0,19.962790379309595,5989.0,4.037209620690405
643,2024-10-16,6036.0,54.92077357258691,5991.857142857142,-10.777916429729117
644,2024-10-17,6076.0,54.1168520039595,5996.0,25.8831479960405
645,2024-10-18,6023.0,12.563667572292026,6000.428571428571,10.007760999137325
646,2024-10-19,5971.0,-29.31039257808387,6004.714285714284,-4.403893136200544
647,2024-10-20,5918.0,-70.69827404646064,6010.5714285714275,-21.873154524966893
648,2024-10-21,5966.0,-41.555416903603515,6006.999999999999,0.5554169036044243
649,2024-10-22,6043.0,19.962790379309595,6007.428571428572,15.608638192118846
650,2024-10-23,6077.0,54.92077357258691,6011.571428571428,10.507797855984649
651,2024-10-24,6051.0,54.1168520039595,6019.571428571428,-22.688280575387942
652,2024-10-25,6026.0,12.563667572292026,6025.5714285714275,-12.135096143719558
653,2024-10-26,6000.0,-29.31039257808387,6034.5714285714275,-5.261035993343661
654,2024-10-27,5974.0,-70.69827404646064,6044.857142857142,-0.1588688106815681
655,2024-10-28,6008.0,-41.555416903603515,6058.714285714286,-9.15886881068272
656,2024-10-29,6106.0,19.962790379309595,6068.571428571428,17.465781049261963
657,2024-10-30,6149.0,54.92077357258691,6074.714285714286,19.364940713126856
658,2024-10-31,6148.0,54.1168520039595,6076.999999999999,16.88314799604141
659,2024-11-01,6095.0,12.563667572292026,6076.857142857142,5.579189570565767
660,2024-11-02,6043.0,-29.31039257808387,6068.142857142856,4.167535435227897
661,2024-11-03,5990.0,-70.69827404646064,6059.142857142857,1.5554169036037564
662,2024-11-04,6007.0,-41.555416903603515,6050.0,-1.4445830963964852
663,2024-11-05,6045.0,19.962790379309595,6044.142857142857,-19.10564752216648
664,2024-11-06,6086.0,54.92077357258691,6041.428571428571,-10.349345001157559
665,2024-11-07,6084.0,54.1168520039595,6041.857142857142,-11.973994861101708
666,2024-11-08,6054.0,12.563667572292026,6035.571428571428,5.864903856279533
667,2024-11-09,6024.0,-29.31039257808387,6025.571428571428,27.73896400665543
668,2024-11-10,5993.0,-70.69827404646064,6008.428571428571,55.26970261788999
669,2024-11-11,5963.0,-41.555416903603515,5999.999999999999,4.555416903604424
670,2024-11-12,5975.0,19.962790379309595,5985.857142857141,-30.819933236450893
671,2024-11-13,5966.0,54.92077357258691,5966.142857142857,-55.06363071544379
672,2024-11-14,6025.0,54.1168520039595,5940.857142857143,30.026005138897382
673,2024-11-15,5955.0,12.563667572292026,5920.285714285714,22.150618141994208
674,2024-11-16,5886.0,-29.31039257808387,5901.571428571429,13.73896400665452
675,2024-11-17,5816.0,-70.69827404646064,5889.142857142857,-2.4445830963962436
676,2024-11-18,5819.0,-41.555416903603515,5864.142857142857,-3.587440239253368
677,2024-11-19,5844.0,19.962790379309595,5840.285714285714,-16.24850466502336
678,2024-11-20,5879.0,54.92077357258691,5817.428571428571,6.650654998842441
679,2024-11-21,5850.0,54.1168520039595,5795.714285714285,0.1688622817551746
680,2024-11-22,5788.0,12.563667572292026,5780.857142857142,-5.420810429434233
681,2024-11-23,5726.0,-29.31039257808387,5778.285714285714,-22.975321707629895
682,2024-11-24,5664.0,-70.69827404646064,5775.857142857142,-41.15886881068157
683,2024-11-25,5715.0,-41.555416903603515,5792.000000000001,-35.444583096397395
684,2024-11-26,5826.0,19.962790379309595,5818.142857142857,-12.105647522166478
685,2024-11-27,5862.0,54.92077357258691,5854.142857142857,-47.06363071544379
686,2024-11-28,5963.0,54.1168520039595,5900.142857142857,8.740290853183616
687,2024-11-29,5971.0,12.563667572292026,5949.571428571428,8.864903856279533
688,2024-11-30,5978.0,-29.31039257808387,6001.857142857143,5.453249720940754
689,2024-12-01,5986.0,-70.69827404646064,6060.0,-3.3017259535393606
690,2024-12-02,6061.0,-41.555416903603515,6109.571428571428,-7.016011667824927
691,2024-12-03,6192.0,19.962790379309595,6156.857142857143,15.180066763547288
692,2024-12-04,6269.0,54.92077357258691,6202.0,12.07922642741309
693,2024-12-05,6310.0,54.1168520039595,6244.857142857143,11.026005138897382
694,2024-12-06,6302.0,12.563667572292026,6274.428571428572,15.007760999136416
695,2024-12-07,6294.0,-29.31039257808387,6291.285714285715,32.024678292369195
696,2024-12-08,6286.0,-70.69827404646064,6310.285714285714,46.41255976074687
697,2024-12-09,6268.0,-41.555416903603515,6334.714285714286,-25.15886881068272
698,2024-12-10,6310.0,19.962790379309595,6356.857142857143,-66.81993323645271
699,2024-12-11,6402.0,54.92077357258691,6376.571428571428,-29.49220214401535
700,2024-12-12,6481.0,54.1168520039595,6394.0,32.8831479960405
701,2024-12-13,6457.0,12.563667572292026,6420.571428571428,23.864903856279533
702,2024-12-14,6432.0,-29.31039257808387,6448.571428571428,12.73896400665543
703,2024-12-15,6408.0,-70.69827404646064,6476.571428571428,2.126845475032198
704,2024-12-16,6454.0,-41.555416903603515,6493.571428571428,1.9839883321750733
705,2024-12-17,6506.0,19.962790379309595,6513.714285714285,-27.67707609359492
706,2024-12-18,6598.0,54.92077357258691,6537.285714285714,5.793512141699324
707,2024-12-19,6600.0,54.1168520039595,6564.0,-18.1168520039595
708,2024-12-20,6598.0,12.563667572292026,6577.428571428571,8.007760999137325
709,2024-12-21,6597.0,-29.31039257808387,6594.0,32.31039257808387
710,2024-12-22,6595.0,-70.69827404646064,6607.0,58.69827404646064
711,2024-12-23,6548.0,-41.555416903603515,6622.285714285714,-32.73029738211025
712,2024-12-24,6622.0,19.962790379309595,6626.285714285714,-24.24850466502336
713,2024-12-25,6689.0,54.92077357258691,6618.999999999999,15.079226427414
714,2024-12-26,6707.0,54.1168520039595,6600.428571428571,52.45457656746985
715,2024-12-27,6626.0,12.563667572292026,6586.999999999999,26.436332427708884
716,2024-12-28,6546.0,-29.31039257808387,6559.571428571428,15.73896400665543
717,2024-12-29,6465.0,-70.69827404646064,6519.0,16.69827404646064
718,2024-12-30,6454.0,-41.555416903603515,6459.714285714286,35.84113118931728
719,2024-12-31,6430.0,19.962790379309595,6392.428571428571,17.608638192119756
720,2025-01-01,6405.0,54.92077357258691,6317.142857142857,32.93636928455621
721,2025-01-02,6292.0,54.1168520039595,6233.857142857143,4.026005138897382
722,2025-01-03,6155.0,12.563667572292026,6136.0,6.436332427707974
723,2025-01-04,6019.0,-29.31039257808387,6032.142857142856,16.167535435227897
724,2025-01-05,5882.0,-70.69827404646064,5917.857142857141,34.84113118931934
725,2025-01-06,5769.0,-41.555416903603515,5805.714285714284,4.8411311893191
726,2025-01-07,5703.0,19.962790379309595,5693.428571428571,-10.391361807880244
727,2025-01-08,5605.0,54.92077357258691,5580.714285714285,-30.635059286872234
728,2025-01-09,5507.0,54.1168520039595,5467.857142857143,-14.973994861102618
729,2025-01-10,5369.0,12.563667572292026,5360.714285714285,-4.27795328657735
730,2025-01-11,5230.0,-29.31039257808387,5254.142857142857,5.167535435226988
731,2025-01-12,5092.0,-70.69827404646064,5153.857142857143,8.841131189317522
732,2025-01-13,5019.0,-41.555416903603515,5064.428571428571,-3.873154524967134
733,2025-01-14,4957.0,19.962790379309595,4982.714285714284,-45.67707609359401
734,2025-01-15,4903.0,54.92077357258691,4908.714285714285,-60.635059286872234
735,2025-01-16,4881.0,54.1168520039595,4842.428571428571,-15.54542343253015
736,2025-01-17,4797.0,12.563667572292026,4787.999999999999,-3.5636675722911164
737,2025-01-18,4712.0,-29.31039257808387,4755.285714285714,-13.975321707629895
738,2025-01-19,4628.0,-70.69827404646064,4728.714285714285,-30.016011667824685
739,2025-01-20,4638.0,-41.555416903603515,4691.571428571428,-12.016011667824927
740,2025-01-21,4728.0,19.962790379309595,4648.285714285714,59.75149533497664
741,2025-01-22,4717.0,54.92077357258691,4599.142857142857,62.93636928455621
742,2025-01-23,4621.0,54.1168520039595,4543.857142857143,23.026005138897382
743,2025-01-24,4494.0,12.563667572292026,4475.714285714285,5.72204671342265
744,2025-01-25,4368.0,-29.31039257808387,4385.428571428572,11.881821149512312
745,2025-01-26,4241.0,-70.69827404646064,4288.142857142857,23.555416903603756
746,2025-01-27,4161.0,-41.555416903603515,4188.428571428572,14.126845475031956
747,2025-01-28,4096.0,19.962790379309595,4085.857142857143,-9.819933236452712
748,2025-01-29,4036.0,54.92077357258691,3980.4285714285716,0.6506549988415316
749,2025-01-30,3923.0,54.1168520039595,3872.142857142857,-3.259709146816384
750,2025-01-31,3776.0,12.563667572292026,3763.857142857143,-0.4208104294351429
751,2025-02-01,3630.0,-29.31039257808387,3658.571428571428,0.738964006655884
752,2025-02-02,3483.0,-70.69827404646064,3551.9999999999995,1.6982740464610941
753,2025-02-03,3403.0,-41.555416903603515,3446.0,-1.4445830963964852
754,2025-02-04,3359.0,19.962790379309595,3346.5714285714284,-7.534218950738037
755,2025-02-05,3290.0,54.92077357258691,3253.5714285714284,-18.49220214401535
756,2025-02-06,3181.0,54.1168520039595,3167.142857142857,-40.259709146816384
757,2025-02-07,3080.0,12.563667572292026,3085.8571428571427,-18.420810429434688
758,2025-02-08,2979.0,-29.31039257808387,3005.857142857142,2.4532497209416633
759,2025-02-09,2878.0,-70.69827404646064,2929.0,19.69827404646064
760,2025-02-10,2834.0,-41.555416903603515,2860.7142857142853,14.84113118931819
761,2025-02-11,2799.0,19.962790379309595,2800.7142857142853,-21.67707609359492
762,2025-02-12,2752.0,54.92077357258691,2749.142857142857,-52.06363071544379
763,2025-02-13,2703.0,54.1168520039595,2705.8571428571427,-56.97399486110216
764,2025-02-14,2660.0,12.563667572292026,2662.714285714286,-15.277953286577805
765,2025-02-15,2618.0,-29.31039257808387,2625.142857142857,22.167535435226988
766,2025-02-16,2575.0,-70.69827404646064,2593.142857142857,52.555416903603756
767,2025-02-17,2532.0,-41.555416903603515,2567.0,6.555416903603515
768,2025-02-18,2536.0,19.962790379309595,2542.4285714285716,-26.391361807881154
769,2025-02-19,2528.0,54.92077357258691,2519.1428571428573,-46.06363071544425
770,2025-02-20,2520.0,54.1168520039595,2497.4285714285716,-31.54542343253106
771,2025-02-21,2488.0,12.563667572292026,2480.428571428571,-4.99223900086313
772,2025-02-22,2455.0,-29.31039257808387,2462.8571428571427,21.45324972094121
773,2025-02-23,2423.0,-70.69827404646064,2446.1428571428573,47.5554169036033
774,2025-02-24,2413.0,-41.555416903603515,2427.714285714286,26.841131189317736
775,2025-02-25,2413.0,19.962790379309595,2409.4285714285716,-16.391361807881154
776,2025-02-26,2411.0,54.92077357258691,2391.2857142857138,-35.206487858300676
777,2025-02-27,2391.0,54.1168520039595,2373.2857142857147,-36.402566289674176
778,2025-02-28,2360.0,12.563667572292026,2355.285714285714,-7.849381858006247
779,2025-03-01,2328.0,-29.31039257808387,2335.1428571428573,22.167535435226533
780,2025-03-02,2297.0,-70.69827404646064,2310.4285714285716,57.26970261788908
781,2025-03-03,2287.0,-41.555416903603515,2285.7142857142853,42.84113118931819
782,2025-03-04,2272.0,19.962790379309595,2261.5714285714284,-9.534218950738037
783,2025-03-05,2238.0,54.92077357258691,2238.142857142857,-55.06363071544379
784,2025-03-06,2218.0,54.1168520039595,2215.285714285714,-51.40256628967372
785,2025-03-07,2191.0,12.563667572292026,2192.142857142857,-13.706524715148909
786,2025-03-08,2164.0,-29.31039257808387,2169.8571428571427,23.45324972094121
787,2025-03-09,2137.0,-70.69827404646064,2151.9999999999995,55.698274046461094
788,2025-03-10,2125.0,-41.555416903603515,2137.4285714285716,29.126845475031956
789,2025-03-11,2116.0,19.962790379309595,2126.714285714286,-30.677076093595375
790,2025-03-12,2113.0,54.92077357258691,2120.0,-61.92077357258691
791,2025-03-13,2116.0,54.1168520039595,2117.142857142857,-55.259709146816384
792,2025-03-14,2116.0,12.563667572292026,2115.142857142857,-11.706524715148909
793,2025-03-15,2117.0,-29.31039257808387,2114.142857142857,32.16753543522699
794,2025-03-16,2117.0,-70.69827404646064,2115.0,72.69827404646064
795,2025-03-17,2111.0,-41.555416903603515,2116.1428571428573,36.41255976074618
796,2025-03-18,2109.0,19.962790379309595,2117.8571428571427,-28.819933236452258
797,2025-03-19,2119.0,54.92077357258691,2120.0,-55.92077357258691
798,2025-03-20,2124.0,54.1168520039595,2122.7142857142853,-52.831137718244825
799,2025-03-21,2128.0,12.563667572292026,2126.714285714286,-11.277953286577805
800,2025-03-22,2132.0,-29.31039257808387,2131.857142857143,29.453249720940754
801,2025-03-23,2136.0,-70.69827404646064,2137.571428571428,69.12684547503265
802,2025-03-24,2139.0,-41.555416903603515,2142.5714285714284,37.98398833217507
803,2025-03-25,2145.0,19.962790379309595,2148.428571428571,-23.3913618078807
804,2025-03-26,2159.0,54.92077357258691,2155.0,-50.92077357258691
805,2025-03-27,2159.0,54.1168520039595,2162.428571428571,-57.545423432530605
806,2025-03-28,2169.0,12.563667572292026,2170.142857142857,-13.706524715148909
807,2025-03-29,2178.0,-29.31039257808387,2176.7142857142853,30.596106863798546
808,2025-03-30,2188.0,-70.69827404646064,2183.714285714286,74.98398833217486
809,2025-03-31,2193.0,-41.555416903603515,2192.8571428571427,41.69827404646085
810,2025-04-01,2191.0,19.962790379309595,2201.142857142857,-30.10564752216648
811,2025-04-02,2208.0,54.92077357258691,2208.5714285714284,-55.49220214401535
812,2025-04-03,2223.0,54.1168520039595,2215.142857142857,-46.259709146816384
813,2025-04-04,2227.0,12.563667572292026,2221.428571428571,-6.99223900086313
814,2025-04-05,2230.0,-29.31039257808387,2228.857142857143,30.453249720940754
815,2025-04-06,2234.0,-70.69827404646064,2235.0,69.69827404646064
816,2025-04-07,2237.0,-41.555416903603515,2240.9999999999995,37.55541690360397
817,2025-04-08,2243.0,19.962790379309595,2246.7142857142853,-23.67707609359492
818,2025-04-09,2251.0,54.92077357258691,2253.142857142857,-57.06363071544379
819,2025-04-10,2265.0,54.1168520039595,2260.142857142857,-49.259709146816384
820,2025-04-11,2267.0,12.563667572292026,2266.5714285714284,-12.135096143720467
821,2025-04-12,2275.0,-29.31039257808387,2272.714285714286,31.59610686379809
822,2025-04-13,2283.0,-70.69827404646064,2278.428571428571,75.26970261788954
823,2025-04-14,2282.0,-41.555416903603515,2281.7142857142853,41.84113118931819
824,2025-04-15,2286.0,19.962790379309595,2285.5714285714284,-19.534218950738037
825,2025-04-16,2291.0,54.92077357258691,2289.0,-52.92077357258691
826,2025-04-17,2288.0,54.1168520039595,2292.1428571428573,-58.25970914681684
827,2025-04-18,2294.0,12.563667572292026,2295.8571428571427,-14.420810429434688
828,2025-04-19,2299.0,-29.31039257808387,2298.5714285714284,29.73896400665543
829,2025-04-20,2305.0,-70.69827404646064,2299.8571428571427,75.84113118931798
830,2025-04-21,2308.0,-41.555416903603515,2300.714285714286,48.841131189317736
831,2025-04-22,2305.0,19.962790379309595,2301.0,-15.962790379309595
832,2025-04-23,2300.0,54.92077357258691,2301.0,-55.92077357258691
833,2025-04-24,2294.0,54.1168520039595,2300.428571428571,-60.545423432530605
834,2025-04-25,2296.0,12.563667572292026,2300.285714285714,-16.849381858006247
835,2025-04-26,2299.0,-29.31039257808387,2300.142857142857,28.167535435226988
836,2025-04-27,2301.0,-70.69827404646064,2301.4285714285716,70.26970261788908
837,2025-04-28,2307.0,-41.555416903603515,2303.1428571428573,45.41255976074618
838,2025-04-29,2304.0,19.962790379309595,2305.9999999999995,-21.96279037930914
839,2025-04-30,2309.0,54.92077357258691,2309.7142857142853,-55.635059286872234
840,2025-05-01,2306.0,54.1168520039595,2314.5714285714284,-62.68828057538794
841,2025-05-02,2316.0,12.563667572292026,2318.0,-14.563667572292026
842,2025-05-03,2325.0,-29.31039257808387,2323.0,31.31039257808387
843,2025-05-04,2335.0,-70.69827404646064,2326.714285714286,78.98398833217486
844,2025-05-05,2331.0,-41.555416903603515,2334.5714285714284,37.98398833217507
845,2025-05-06,2339.0,19.962790379309595,2342.142857142857,-23.10564752216648
846,2025-05-07,2335.0,54.92077357258691,2349.5714285714284,-69.49220214401535
847,2025-05-08,2361.0,54.1168520039595,2356.714285714286,-49.83113771824528
848,2025-05-09,2369.0,12.563667572292026,2365.4285714285716,-8.992239000863584
849,2025-05-10,2377.0,-29.31039257808387,2373.285714285714,33.02467829236965
850,2025-05-11,2385.0,-70.69827404646064,2381.714285714286,73.98398833217486
851,2025-05-12,2392.0,-41.555416903603515,2388.714285714286,44.841131189317736
852,2025-05-13,2394.0,19.962790379309595,2395.8571428571427,-21.819933236452258
853,2025-05-14,2394.0,54.92077357258691,2403.142857142857,-64.0636307154438
854,2025-05-15,2410.0,54.1168520039595,2410.5714285714284,-54.68828057538794
855,2025-05-16,2419.0,12.563667572292026,2419.8571428571427,-13.420810429434688
856,2025-05-17,2428.0,-29.31039257808387,2429.5714285714284,27.73896400665543
857,2025-05-18,2437.0,-70.69827404646064,2440.0,67.69827404646064
858,2025-05-19,2457.0,-41.555416903603515,2449.0,49.555416903603515
859,2025-05-20,2462.0,19.962790379309595,2457.5714285714284,-15.534218950738037
860,2025-05-21,2467.0,54.92077357258691,2465.7142857142853,-53.635059286872234
861,2025-05-22,2473.0,54.1168520039595,2473.5714285714284,-54.68828057538794
862,2025-05-23,2479.0,12.563667572292026,2479.428571428571,-12.99223900086313
863,2025-05-24,2485.0,-29.31039257808387,2485.428571428571,28.881821149512767
864,2025-05-25,2492.0,-70.69827404646064,2490.0,72.69827404646064
865,2025-05-26,2498.0,-41.555416903603515,2494.714285714286,44.841131189317736
866,2025-05-27,2504.0,19.962790379309595,2499.5714285714284,-15.534218950738037
867,2025-05-28,2499.0,54.92077357258691,2504.7142857142853,-60.635059286872234
868,2025-05-29,2506.0,54.1168520039595,2509.857142857142,-57.97399486110171
869,2025-05-30,2513.0,12.563667572292026,2512.714285714286,-12.277953286577805
870,2025-05-31,2521.0,-29.31039257808387,2514.8571428571427,35.45324972094121
871,2025-06-01,2528.0,-70.69827404646064,2517.285714285714,81.41255976074642
872,2025-06-02,2518.0,-41.555416903603515,2516.8571428571427,42.69827404646085
873,2025-06-03,2519.0,19.962790379309595,2515.5714285714284,-16.534218950738037
874,2025-06-04,2516.0,54.92077357258691,2513.4285714285716,-52.34934500115847
875,2025-06-05,2503.0,54.1168520039595,2510.4285714285716,-61.54542343253106
876,2025-06-06,2504.0,12.563667572292026,2510.142857142857,-18.70652471514891
877,2025-06-07,2506.0,-29.31039257808387,2509.0,26.31039257808387
878,2025-06-08,2507.0,-70.69827404646064,2508.5714285714284,69.1268454750322
879,2025-06-09,2516.0,-41.555416903603515,2510.142857142857,47.41255976074663
880,2025-06-10,2511.0,19.962790379309595,2511.857142857143,-20.819933236452712
881,2025-06-11,2513.0,54.92077357258691,2513.5714285714284,-55.49220214401535
882,2025-06-12,2514.0,54.1168520039595,2515.428571428571,-55.545423432530605
883,2025-06-13,2516.0,12.563667572292026,2516.142857142857,-12.706524715148909
884,2025-06-14,2518.0,-29.31039257808387,2517.857142857143,29.453249720940754
885,2025-06-15,2520.0,-70.69827404646064,2517.7142857142853,72.98398833217531
886,2025-06-16,2521.0,-41.555416903603515,2515.8571428571427,46.69827404646085
887,2025-06-17,2523.0,19.962790379309595,2514.0,-10.962790379309595
888,2025-06-18,2512.0,54.92077357258691,2512.285714285714,-55.20648785830113
889,2025-06-19,2501.0,54.1168520039595,2510.5714285714284,-63.68828057538794
890,2025-06-20,2503.0,12.563667572292026,2506.8571428571427,-16.420810429434688
891,2025-06-21,2506.0,-29.31039257808387,2502.0,33.31039257808387
892,2025-06-22,2508.0,-70.69827404646064,2495.9999999999995,82.6982740464611
893,2025-06-23,2495.0,-41.555416903603515,2488.2857142857138,48.26970261788975
894,2025-06-24,2489.0,19.962790379309595,2478.714285714286,-9.677076093595375
895,2025-06-25,2470.0,54.92077357258691,2467.0,-51.92077357258691
896,2025-06-26,2447.0,54.1168520039595,2453.4285714285716,-60.54542343253106
897,2025-06-27,2436.0,12.563667572292026,2440.8571428571427,-17.420810429434688
898,2025-06-28,2424.0,-29.31039257808387,2426.8571428571427,26.45324972094121
899,2025-06-29,2413.0,-70.69827404646064,2413.0,70.69827404646064
900,2025-06-30,2407.0,-41.555416903603515,2401.0,47.555416903603515
901,2025-07-01,2391.0,19.962790379309595,2389.0,-17.962790379309595
902,2025-07-02,2373.0,54.92077357258691,2377.285714285714,-59.20648785830113
903,2025-07-03,2363.0,54.1168520039595,2365.7142857142853,-56.831137718244825
904,2025-07-04,2352.0,12.563667572292026,2352.857142857143,-13.420810429435143
905,2025-07-05,2342.0,-29.31039257808387,2340.714285714286,30.59610686379809
906,2025-07-06,2332.0,-70.69827404646064,2327.5714285714284,75.1268454750322
907,2025-07-07,2317.0,-41.555416903603515,2311.714285714286,46.841131189317736
908,2025-07-08,2306.0,19.962790379309595,2295.1428571428573,-9.105647522166933
909,2025-07-09,2281.0,54.92077357258691,2277.7142857142853,-51.635059286872234
910,2025-07-10,2252.0,54.1168520039595,2259.428571428571,-61.545423432530605
911,2025-07-11,2236.0,12.563667572292026,2240.0,-16.563667572292026
912,2025-07-12,2220.0,-29.31039257808387,2220.7142857142853,28.596106863798546
913,2025-07-13,2204.0,-70.69827404646064,2204.0,70.69827404646064
914,2025-07-14,2181.0,-41.555416903603515,2189.8571428571427,32.69827404646085
915,2025-07-15,2171.0,19.962790379309595,2176.857142857143,-25.819933236452712
916,2025-07-16,2164.0,54.92077357258691,2165.0,-55.92077357258691
917,2025-07-17,2153.0,54.1168520039595,2154.2857142857138,-55.40256628967327
918,2025-07-18,2145.0,12.563667572292026,2145.7142857142853,-13.27795328657735
919,2025-07-19,2137.0,-29.31039257808387,2138.0,28.31039257808387
920,2025-07-20,2129.0,-70.69827404646064,2130.428571428571,69.26970261788954
921,2025-07-21,2121.0,-41.555416903603515,2122.285714285714,40.269702617889294
922,2025-07-22,2117.0,19.962790379309595,2114.857142857142,-17.819933236451803
923,2025-07-23,2111.0,54.92077357258691,2108.2857142857138,-52.206487858300676
924,2025-07-24,2096.0,54.1168520039595,2102.4285714285716,-60.54542343253106
925,2025-07-25,2093.0,12.563667572292026,2096.5714285714284,-16.135096143720467
926,2025-07-26,2091.0,-29.31039257808387,2090.142857142857,30.167535435226988
927,2025-07-27,2088.0,-70.69827404646064,2083.285714285714,75.41255976074642
928,2025-07-28,2080.0,-41.555416903603515,2077.857142857143,43.6982740464604
929,2025-07-29,2072.0,19.962790379309595,2072.4285714285716,-20.391361807881154
930,2025-07-30,2063.0,54.92077357258691,2066.857142857143,-58.77791642973003
931,2025-07-31,2058.0,54.1168520039595,2061.285714285714,-57.40256628967372
932,2025-08-01,2055.0,12.563667572292026,2055.5714285714284,-13.135096143720467
933,2025-08-02,2052.0,-29.31039257808387,2051.285714285714,30.02467829236965
934,2025-08-03,2049.0,-70.69827404646064,2047.4285714285713,72.26970261788931
935,2025-08-04,2040.0,-41.555416903603515,2043.5714285714284,37.98398833217507
936,2025-08-05,2042.0,19.962790379309595,2039.0,-16.962790379309595
937,2025-08-06,2036.0,54.92077357258691,2033.5714285714287,-52.49220214401558
938,2025-08-07,2031.0,54.1168520039595,2027.4285714285716,-50.54542343253106
939,2025-08-08,2023.0,12.563667572292026,2021.5714285714284,-11.135096143720467
940,2025-08-09,2014.0,-29.31039257808387,2015.428571428571,27.881821149512767
941,2025-08-10,2006.0,-70.69827404646064,2009.8571428571427,66.84113118931798
942,2025-08-11,1999.0,-41.555416903603515,2004.5714285714287,35.983988332174846
943,2025-08-12,1999.0,19.962790379309595,2000.2857142857142,-21.248504665023816
944,2025-08-13,1997.0,54.92077357258691,1997.1428571428573,-55.06363071544425
945,2025-08-14,1994.0,54.1168520039595,1994.9999999999998,-55.11685200395927
946,2025-08-15,1993.0,12.563667572292026,1993.0,-12.563667572292026
947,2025-08-16,1992.0,-29.31039257808387,1990.2857142857144,31.024678292369423
948,2025-08-17,1991.0,-70.69827404646064,1988.285714285714,73.41255976074665
949,2025-08-18,1985.0,-41.555416903603515,1985.142857142857,41.412559760746404
950,2025-08-19,1980.0,19.962790379309595,1982.5714285714284,-22.534218950738037
951,2025-08-20,1983.0,54.92077357258691,1980.5714285714284,-52.49220214401535
952,2025-08-21,1972.0,54.1168520039595,1979.1428571428569,-61.259709146816384
953,2025-08-22,1975.0,12.563667572292026,1978.4285714285713,-15.992239000863357
954,2025-08-23,1978.0,-29.31039257808387,1979.7142857142858,27.59610686379809
955,2025-08-24,1981.0,-70.69827404646064,1980.4285714285716,71.26970261788908
956,2025-08-25,1980.0,-41.555416903603515,1982.1428571428569,39.41255976074663
957,2025-08-26,1989.0,19.962790379309595,1984.285714285714,-15.248504665023589
958,2025-08-27,1988.0,54.92077357258691,1986.9999999999998,-53.92077357258668
959,2025-08-28,1984.0,54.1168520039595,1990.285714285714,-60.402566289673494
960,2025-08-29,1990.0,12.563667572292026,1994.5714285714282,-17.13509614372024
961,2025-08-30,1997.0,-29.31039257808387,1998.9999999999995,27.310392578084326
962,2025-08-31,2004.0,-70.69827404646064,2003.4285714285713,71.26970261788931
963,2025-09-01,2010.0,-41.555416903603515,2007.8571428571427,43.69827404646085
964,2025-09-02,2020.0,19.962790379309595,2011.9999999999998,-11.962790379309368
965,2025-09-03,2019.0,54.92077357258691,2015.5714285714284,-51.49220214401535
966,2025-09-04,2015.0,54.1168520039595,2018.7142857142856,-57.83113771824505
967,2025-09-05,2019.0,12.563667572292026,2020.8571428571427,-14.420810429434688
968,2025-09-06,2022.0,-29.31039257808387,2021.285714285714,30.024678292369877
969,2025-09-07,2026.0,-70.69827404646064,2022.1428571428569,74.55541690360376
970,2025-09-08,2025.0,-41.555416903603515,2026.7142857142853,39.84113118931819
971,2025-09-09,2023.0,19.962790379309595,2032.428571428571,-29.3913618078807
972,2025-09-10,2025.0,54.92077357258691,2039.4285714285713,-69.34934500115824
973,2025-09-11,2047.0,54.1168520039595,2047.5714285714284,-54.68828057538794
974,2025-09-12,2059.0,12.563667572292026,2056.285714285714,-9.849381858006247
975,2025-09-13,2071.0,-29.31039257808387,2066.5714285714284,33.73896400665543
976,2025-09-14,2083.0,-70.69827404646064,2076.714285714286,76.98398833217486
977,2025-09-15,2086.0,-41.555416903603515,2083.7142857142853,43.84113118931819
978,2025-09-16,2095.0,19.962790379309595,2090.8571428571427,-15.819933236452258
979,2025-09-17,2096.0,54.92077357258691,2098.0,-56.92077357258691
980,2025-09-18,2096.0,54.1168520039595,2105.2857142857138,-63.40256628967327
981,2025-09-19,2109.0,12.563667572292026,2113.142857142857,-16.70652471514891
982,2025-09-20,2121.0,-29.31039257808387,2120.285714285714,30.02467829236965
983,2025-09-21,2134.0,-70.69827404646064,2126.285714285714,78.41255976074642
984,2025-09-22,2141.0,-41.555416903603515,2131.428571428571,51.12684547503241
985,2025-09-23,2145.0,19.962790379309595,2135.428571428571,-10.391361807880699
986,2025-09-24,2138.0,54.92077357258691,2138.2857142857138,-55.206487858300676
987,2025-09-25,2132.0,54.1168520039595,2140.0,-62.1168520039595
988,2025-09-26,2137.0,12.563667572292026,2140.9999999999995,-16.56366757229157
989,2025-09-27,2141.0,-29.31039257808387,2143.0,27.31039257808387
990,2025-09-28,2146.0,-70.69827404646064,2146.5714285714284,70.1268454750322
991,2025-09-29,2148.0,-41.555416903603515,2151.142857142857,38.41255976074663
992,2025-09-30,2159.0,19.962790379309595,2155.7142857142853,-16.67707609359492
993,2025-10-01,2163.0,54.92077357258691,2160.5714285714284,-52.49220214401535
994,2025-10-02,2164.0,54.1168520039595,2165.4285714285716,-55.54542343253106
995,2025-10-03,2169.0,12.563667572292026,2171.0,-14.563667572292026
996,2025-10-04,2175.0,-29.31039257808387,2175.285714285714,29.02467829236965
997,2025-10-05,2180.0,-70.69827404646064,2179.4285714285716,71.26970261788908
998,2025-10-06,2187.0,-41.555416903603515,2183.4285714285716,45.126845475031956
999,2025-10-07,2189.0,19.962790379309595,2187.8571428571427,-18.819933236452258
1000,2025-10-08,2192.0,54.92077357258691,2192.5714285714284,-55.49220214401535
1001,2025-10-09,2192.0,54.1168520039595,2197.5714285714284,-59.68828057538794
1002,2025-10-10,2200.0,12.563667572292026,2202.7142857142853,-15.27795328657735
1003,2025-10-11,2208.0,-29.31039257808387,2209.2857142857138,28.024678292370105
1004,2025-10-12,2215.0,-70.69827404646064,2213.9999999999995,71.6982740464611
1005,2025-10-13,2223.0,-41.555416903603515,2219.857142857143,44.6982740464604
1006,2025-10-14,2235.0,19.962790379309595,2224.7142857142853,-9.67707609359492
1007,2025-10-15,2225.0,54.92077357258691,2228.714285714286,-58.63505928687269
1008,2025-10-16,2233.0,54.1168520039595,2231.8571428571427,-52.97399486110216
1009,2025-10-17,2234.0,12.563667572292026,2234.714285714286,-13.277953286577805
1010,2025-10-18,2236.0,-29.31039257808387,2237.0,28.31039257808387
1011,2025-10-19,2237.0,-70.69827404646064,2242.142857142857,65.55541690360376
1012,2025-10-20,2243.0,-41.555416903603515,2246.8571428571427,37.69827404646085
1013,2025-10-21,2251.0,19.962790379309595,2251.857142857143,-20.819933236452712
1014,2025-10-22,2261.0,54.92077357258691,2257.142857142857,-51.06363071544379
1015,2025-10-23,2266.0,54.1168520039595,2262.714285714286,-50.83113771824528
1016,2025-10-24,2269.0,12.563667572292026,2268.285714285714,-11.849381858006247
1017,2025-10-25,2273.0,-29.31039257808387,2273.285714285714,29.02467829236965
1018,2025-10-26,2276.0,-70.69827404646064,2276.0,70.69827404646064
1019,2025-10-27,2282.0,-41.555416903603515,2279.0,44.555416903603515
1020,2025-10-28,2286.0,19.962790379309595,2281.1428571428573,-15.105647522166933
1021,2025-10-29,2280.0,54.92077357258691,2282.142857142857,-57.06363071544379
1022,2025-10-30,2287.0,54.1168520039595,2282.285714285714,-49.40256628967372
1023,2025-10-31,2284.0,12.563667572292026,2280.4285714285716,-8.992239000863584
1024,2025-11-01,2280.0,-29.31039257808387,2278.1428571428573,31.167535435226533
1025,2025-11-02,2277.0,-70.69827404646064,2277.0,70.69827404646064
1026,2025-11-03,2269.0,-41.555416903603515,2273.714285714286,36.841131189317736
1027,2025-11-04,2270.0,19.962790379309595,2272.285714285714,-22.248504665023816
1028,2025-11-05,2272.0,54.92077357258691,2272.8571428571427,-55.77791642972957
1029,2025-11-06,2264.0,54.1168520039595,2275.285714285714,-65.40256628967373
1030,2025-11-07,2274.0,12.563667572292026,2278.8571428571427,-17.420810429434688
1031,2025-11-08,2284.0,-29.31039257808387,2282.285714285714,31.02467829236965
1032,2025-11-09,2294.0,-70.69827404646064,2286.5714285714284,78.1268454750322
1033,2025-11-10,2294.0,-41.555416903603515,2294.1428571428573,41.41255976074618
1034,2025-11-11,2294.0,19.962790379309595,2301.4285714285716,-27.391361807881154
1035,2025-11-12,2302.0,54.92077357258691,2308.285714285714,-61.20648785830113
1036,2025-11-13,2317.0,54.1168520039595,2314.8571428571427,-51.97399486110216
1037,2025-11-14,2325.0,12.563667572292026,2321.8571428571427,-9.420810429434688
1038,2025-11-15,2332.0,-29.31039257808387,2329.142857142857,32.16753543522699
1039,2025-11-16,2340.0,-70.69827404646064,2334.5714285714284,76.1268454750322
1040,2025-11-17,2343.0,-41.555416903603515,2337.8571428571427,46.69827404646085
1041,2025-11-18,2345.0,19.962790379309595,2341.7142857142853,-16.67707609359492
1042,2025-11-19,2340.0,54.92077357258691,2346.142857142857,-61.06363071544379
1043,2025-11-20,2340.0,54.1168520039595,2351.142857142857,-65.25970914681639
1044,2025-11-21,2352.0,12.563667572292026,2355.142857142857,-15.706524715148909
1045,2025-11-22,2363.0,-29.31039257808387,2359.4285714285716,32.88182114951231
1046,2025-11-23,2375.0,-70.69827404646064,2365.4285714285716,80.26970261788908
1047,2025-11-24,2371.0,-41.555416903603515,2372.4285714285716,40.126845475031956
1048,2025-11-25,2375.0,19.962790379309595,2379.0,-23.962790379309595
1049,2025-11-26,2382.0,54.92077357258691,2385.142857142857,-58.06363071544379
1050,2025-11-27,2389.0,54.1168520039595,2390.8571428571427,-55.97399486110216
1051,2025-11-28,2398.0,12.563667572292026,2396.4285714285716,-10.992239000863584
1052,2025-11-29,2406.0,-29.31039257808387,2401.0,34.31039257808387
1053,2025-11-30,2415.0,-70.69827404646064,2406.285714285714,79.41255976074642
1054,2025-12-01,2410.0,-41.555416903603515,2410.4285714285716,41.126845475031956
1055,2025-12-02,2407.0,19.962790379309595,2413.857142857143,-26.819933236452712
1056,2025-12-03,2419.0,54.92077357258691,2416.5714285714284,-52.49220214401535
1057,2025-12-04,2418.0,54.1168520039595,2418.5714285714284,-54.68828057538794
1058,2025-12-05,2422.0,12.563667572292026,2422.857142857142,-13.420810429434233
1059,2025-12-06,2425.0,-29.31039257808387,2428.0,26.31039257808387
1060,2025-12-07,2429.0,-70.69827404646064,2430.8571428571427,68.84113118931798
1061,2025-12-08,2440.0,-41.555416903603515,2433.5714285714284,47.98398833217507
1062,2025-12-09,2443.0,19.962790379309595,2436.8571428571427,-13.819933236452258
1063,2025-12-10,2439.0,54.92077357258691,2440.9999999999995,-56.920773572586455
1064,2025-12-11,2437.0,54.1168520039595,2445.714285714286,-62.83113771824528
1065,2025-12-12,2445.0,12.563667572292026,2449.9999999999995,-17.56366757229157
1066,2025-12-13,2454.0,-29.31039257808387,2453.571428571428,29.738964006655884
1067,2025-12-14,2462.0,-70.69827404646064,2459.571428571429,73.12684547503174
1068,2025-12-15,2470.0,-41.555416903603515,2464.5714285714284,46.98398833217507
1069,2025-12-16,2468.0,19.962790379309595,2469.0,-20.962790379309595
1070,2025-12-17,2481.0,54.92077357258691,2472.7142857142853,-46.635059286872234
1071,2025-12-18,2472.0,54.1168520039595,2475.8571428571427,-57.97399486110216
1072,2025-12-19,2476.0,12.563667572292026,,
1073,2025-12-20,2480.0,-29.31039257808387,,
1074,2025-12-21,2484.0,-70.69827404646064,,
