,Date,Children apprehended and placed in CBP custody*,Children in CBP custody,Children transferred out of CBP custody,Children in HHS Care,Children discharged from HHS Care
0,2023-01-12,33.0,53.0,34.0,6566.0,436.0
1,2023-01-13,33.0,53.0,34.0,6622.0,415.0
2,2023-01-14,33.0,52.0,35.0,6677.0,394.0
3,2023-01-15,33.0,52.0,36.0,6733.0,373.0
4,2023-01-16,33.0,51.0,36.0,6788.0,352.0
5,2023-01-17,32.0,51.0,36.0,6844.0,332.0
6,2023-01-18,32.0,51.0,37.0,6900.0,311.0
7,2023-01-19,32.0,50.0,38.0,6955.0,290.0
8,2023-01-20,32.0,50.0,38.0,7011.0,269.0
9,2023-01-21,32.0,49.0,38.0,7066.0,248.0
10,2023-01-22,32.0,49.0,39.0,7122.0,227.0
11,2023-01-23,32.0,50.0,39.0,7280.0,181.0
12,2023-01-24,47.0,42.0,47.0,7433.0,175.0
13,2023-01-25,20.0,22.0,41.0,7538.0,180.0
14,2023-01-26,21.0,28.0,34.0,7522.0,211.0
15,2023-01-27,22.0,34.0,26.0,7505.0,242.0
16,2023-01-28,22.0,39.0,18.0,7488.0,272.0
17,2023-01-29,23.0,45.0,11.0,7472.0,303.0
18,2023-01-30,34.0,54.0,29.0,7743.0,196.0
19,2023-01-31,26.0,36.0,36.0,7803.0,158.0
20,2023-02-01,25.0,32.0,27.0,7903.0,231.0
21,2023-02-02,15.0,13.0,23.0,7879.0,298.0
22,2023-02-03,15.0,15.0,20.0,7781.0,313.0
23,2023-02-04,16.0,16.0,18.0,7684.0,327.0
24,2023-02-05,16.0,18.0,15.0,7586.0,342.0
25,2023-02-06,11.0,22.0,12.0,7720.0,196.0
26,2023-02-07,16.0,20.0,20.0,7855.0,200.0
27,2023-02-08,93.0,196.0,169.0,7915.0,317.0
28,2023-02-09,124.0,234.0,161.0,7908.0,353.0
29,2023-02-10,113.0,224.0,165.0,7750.0,341.0
30,2023-02-11,103.0,213.0,169.0,7592.0,329.0
31,2023-02-12,92.0,203.0,173.0,7434.0,317.0
32,2023-02-13,186.0,259.0,172.0,7483.0,244.0
33,2023-02-14,154.0,225.0,220.0,7794.0,223.0
34,2023-02-15,91.0,199.0,172.0,7869.0,290.0
35,2023-02-16,81.0,213.0,153.0,7793.0,361.0
36,2023-02-17,113.0,231.0,161.0,7799.0,323.0
37,2023-02-18,145.0,249.0,168.0,7805.0,285.0
38,2023-02-19,177.0,267.0,176.0,7811.0,247.0
39,2023-02-20,209.0,285.0,184.0,7817.0,209.0
40,2023-02-21,184.0,314.0,217.0,7967.0,213.0
41,2023-02-22,107.0,215.0,230.0,7978.0,232.0
42,2023-02-23,101.0,162.0,178.0,7914.0,386.0
43,2023-02-24,100.0,171.0,177.0,7812.0,365.0
44,2023-02-25,100.0,181.0,177.0,7711.0,344.0
45,2023-02-26,99.0,190.0,176.0,7609.0,323.0
46,2023-02-27,167.0,239.0,166.0,7800.0,248.0
47,2023-02-28,115.0,216.0,169.0,7896.0,200.0
48,2023-03-01,84.0,158.0,193.0,7930.0,307.0
49,2023-03-02,130.0,227.0,192.0,7870.0,335.0
50,2023-03-03,122.0,224.0,186.0,7868.0,320.0
51,2023-03-04,113.0,222.0,179.0,7866.0,305.0
52,2023-03-05,105.0,219.0,173.0,7863.0,289.0
53,2023-03-06,96.0,217.0,166.0,7861.0,274.0
54,2023-03-07,88.0,214.0,160.0,7859.0,259.0
55,2023-03-08,113.0,208.0,159.0,7885.0,291.0
56,2023-03-09,174.0,285.0,150.0,7786.0,340.0
57,2023-03-10,156.0,271.0,164.0,7731.0,317.0
58,2023-03-11,139.0,258.0,178.0,7676.0,294.0
59,2023-03-12,122.0,244.0,192.0,7622.0,272.0
60,2023-03-13,104.0,230.0,206.0,7567.0,249.0
61,2023-03-14,147.0,276.0,214.0,7810.0,181.0
62,2023-03-15,108.0,220.0,213.0,7915.0,286.0
63,2023-03-16,180.0,280.0,146.0,7989.0,308.0
64,2023-03-17,165.0,285.0,159.0,7954.0,307.0
65,2023-03-18,149.0,289.0,173.0,7920.0,307.0
66,2023-03-19,134.0,294.0,186.0,7885.0,306.0
67,2023-03-20,202.0,313.0,158.0,7931.0,279.0
68,2023-03-21,110.0,272.0,193.0,8050.0,221.0
69,2023-03-22,166.0,277.0,229.0,8097.0,246.0
70,2023-03-23,136.0,276.0,178.0,8102.0,331.0
71,2023-03-24,120.0,266.0,176.0,8017.0,338.0
72,2023-03-25,103.0,256.0,175.0,7932.0,345.0
73,2023-03-26,87.0,246.0,173.0,7847.0,352.0
74,2023-03-27,84.0,171.0,157.0,7994.0,235.0
75,2023-03-28,167.0,209.0,157.0,8079.0,223.0
76,2023-03-29,109.0,245.0,159.0,8208.0,267.0
77,2023-03-30,156.0,256.0,176.0,8158.0,359.0
78,2023-03-31,146.0,248.0,181.0,8099.0,341.0
79,2023-04-01,135.0,240.0,187.0,8040.0,322.0
80,2023-04-02,125.0,232.0,192.0,7981.0,304.0
81,2023-04-03,118.0,139.0,168.0,8054.0,284.0
82,2023-04-04,142.0,235.0,139.0,8068.0,259.0
83,2023-04-05,148.0,245.0,175.0,8175.0,260.0
84,2023-04-06,119.0,219.0,210.0,8178.0,284.0
85,2023-04-07,114.0,216.0,190.0,8085.0,299.0
86,2023-04-08,110.0,213.0,169.0,7993.0,314.0
87,2023-04-09,105.0,210.0,149.0,7900.0,329.0
88,2023-04-10,143.0,203.0,163.0,7826.0,265.0
89,2023-04-11,119.0,209.0,152.0,7922.0,187.0
90,2023-04-12,155.0,212.0,181.0,7876.0,283.0
91,2023-04-13,109.0,214.0,173.0,7795.0,370.0
92,2023-04-14,136.0,237.0,179.0,7657.0,337.0
93,2023-04-15,164.0,260.0,186.0,7518.0,305.0
94,2023-04-16,191.0,283.0,192.0,7380.0,272.0
95,2023-04-17,170.0,297.0,196.0,7344.0,248.0
96,2023-04-18,152.0,272.0,214.0,7376.0,234.0
97,2023-04-19,239.0,367.0,224.0,7356.0,229.0
98,2023-04-20,113.0,280.0,237.0,7490.0,320.0
99,2023-04-21,141.0,289.0,220.0,7505.0,302.0
100,2023-04-22,168.0,297.0,204.0,7519.0,284.0
101,2023-04-23,196.0,306.0,187.0,7534.0,266.0
102,2023-04-24,236.0,330.0,222.0,7796.0,213.0
103,2023-04-25,81.0,230.0,242.0,8017.0,202.0
104,2023-04-26,118.0,245.0,160.0,8117.0,256.0
105,2023-04-27,218.0,283.0,208.0,8159.0,310.0
106,2023-04-28,189.0,270.0,200.0,8223.0,304.0
107,2023-04-29,161.0,256.0,191.0,8288.0,299.0
108,2023-04-30,132.0,243.0,183.0,8352.0,293.0
109,2023-05-01,224.0,315.0,152.0,8492.0,237.0
110,2023-05-02,167.0,326.0,213.0,8654.0,245.0
111,2023-05-03,209.0,353.0,232.0,8704.0,267.0
112,2023-05-04,153.0,253.0,286.0,8790.0,332.0
113,2023-05-05,162.0,281.0,264.0,8688.0,346.0
114,2023-05-06,171.0,309.0,241.0,8587.0,361.0
115,2023-05-07,180.0,337.0,219.0,8485.0,375.0
116,2023-05-08,133.0,287.0,189.0,8590.0,261.0
117,2023-05-09,187.0,310.0,247.0,8606.0,250.0
118,2023-05-10,168.0,285.0,210.0,8681.0,304.0
119,2023-05-11,269.0,412.0,204.0,8672.0,392.0
120,2023-05-12,213.0,360.0,215.0,8596.0,357.0
121,2023-05-13,156.0,307.0,225.0,8521.0,323.0
122,2023-05-14,100.0,255.0,236.0,8445.0,288.0
123,2023-05-15,205.0,294.0,177.0,8571.0,277.0
124,2023-05-16,161.0,304.0,211.0,8572.0,272.0
125,2023-05-17,57.0,162.0,193.0,8569.0,307.0
126,2023-05-18,80.0,122.0,152.0,8474.0,351.0
127,2023-05-19,89.0,138.0,146.0,8258.0,348.0
128,2023-05-20,98.0,154.0,139.0,8042.0,346.0
129,2023-05-21,107.0,170.0,133.0,7826.0,343.0
130,2023-05-22,99.0,156.0,139.0,7848.0,240.0
131,2023-05-23,25.0,66.0,94.0,7788.0,246.0
132,2023-05-24,35.0,70.0,53.0,7709.0,276.0
133,2023-05-25,43.0,73.0,64.0,7546.0,408.0
134,2023-05-26,42.0,70.0,66.0,7408.0,358.0
135,2023-05-27,42.0,66.0,68.0,7271.0,308.0
136,2023-05-28,42.0,63.0,69.0,7134.0,257.0
137,2023-05-29,41.0,60.0,71.0,6996.0,207.0
138,2023-05-30,65.0,83.0,65.0,7046.0,168.0
139,2023-05-31,38.0,80.0,82.0,7053.0,210.0
140,2023-06-01,56.0,82.0,68.0,7002.0,287.0
141,2023-06-02,62.0,89.0,72.0,6853.0,289.0
142,2023-06-03,68.0,96.0,76.0,6704.0,290.0
143,2023-06-04,74.0,103.0,80.0,6555.0,292.0
144,2023-06-05,68.0,107.0,102.0,6523.0,189.0
145,2023-06-06,92.0,124.0,93.0,6508.0,187.0
146,2023-06-07,113.0,162.0,107.0,6483.0,208.0
147,2023-06-08,106.0,196.0,131.0,6446.0,255.0
148,2023-06-09,99.0,181.0,143.0,6300.0,249.0
149,2023-06-10,93.0,167.0,156.0,6153.0,244.0
150,2023-06-11,86.0,152.0,168.0,6007.0,238.0
151,2023-06-12,84.0,118.0,136.0,6021.0,177.0
152,2023-06-13,59.0,64.0,117.0,6061.0,146.0
153,2023-06-14,62.0,97.0,52.0,6065.0,167.0
154,2023-06-15,91.0,75.0,97.0,6038.0,272.0
155,2023-06-16,76.0,69.0,76.0,5948.0,240.0
156,2023-06-17,60.0,63.0,54.0,5858.0,207.0
157,2023-06-18,44.0,57.0,32.0,5769.0,174.0
158,2023-06-19,29.0,51.0,11.0,5679.0,142.0
159,2023-06-20,33.0,53.0,34.0,5904.0,134.0
160,2023-06-21,93.0,196.0,169.0,5922.0,149.0
161,2023-06-22,124.0,234.0,161.0,5956.0,207.0
162,2023-06-23,113.0,224.0,165.0,5893.0,226.0
163,2023-06-24,103.0,213.0,169.0,5829.0,244.0
164,2023-06-25,92.0,203.0,173.0,5766.0,263.0
165,2023-06-26,186.0,259.0,172.0,5819.0,174.0
166,2023-06-27,154.0,225.0,220.0,5917.0,155.0
167,2023-06-28,91.0,199.0,172.0,5999.0,174.0
168,2023-06-29,81.0,213.0,153.0,6058.0,213.0
169,2023-06-30,124.0,237.0,163.0,6006.0,245.0
170,2023-07-01,166.0,261.0,174.0,5955.0,277.0
171,2023-07-02,209.0,285.0,184.0,5903.0,309.0
172,2023-07-03,196.0,300.0,200.0,6015.0,216.0
173,2023-07-04,184.0,314.0,217.0,6127.0,124.0
174,2023-07-05,107.0,215.0,230.0,6193.0,167.0
175,2023-07-06,101.0,162.0,178.0,6239.0,205.0
176,2023-07-07,100.0,171.0,177.0,6231.0,202.0
177,2023-07-08,100.0,181.0,177.0,6222.0,199.0
178,2023-07-09,99.0,190.0,176.0,6214.0,196.0
179,2023-07-10,167.0,239.0,166.0,6346.0,163.0
180,2023-07-11,115.0,216.0,169.0,6498.0,143.0
181,2023-07-12,84.0,158.0,193.0,6521.0,210.0
182,2023-07-13,130.0,227.0,192.0,6604.0,226.0
183,2023-07-14,116.0,223.0,181.0,6559.0,223.0
184,2023-07-15,102.0,218.0,171.0,6513.0,221.0
185,2023-07-16,88.0,214.0,160.0,6468.0,218.0
186,2023-07-17,113.0,208.0,159.0,6632.0,160.0
187,2023-07-18,174.0,285.0,150.0,6874.0,181.0
188,2023-07-19,104.0,230.0,206.0,7001.0,226.0
189,2023-07-20,147.0,276.0,214.0,7116.0,281.0
190,2023-07-21,134.0,257.0,214.0,7095.0,279.0
191,2023-07-22,121.0,239.0,213.0,7073.0,278.0
192,2023-07-23,108.0,220.0,213.0,7052.0,276.0
193,2023-07-24,180.0,280.0,146.0,7220.0,187.0
194,2023-07-25,134.0,294.0,186.0,7510.0,136.0
195,2023-07-26,202.0,313.0,158.0,7647.0,215.0
196,2023-07-27,110.0,272.0,193.0,7754.0,259.0
197,2023-07-28,129.0,274.0,205.0,7726.0,274.0
198,2023-07-29,147.0,275.0,217.0,7699.0,290.0
199,2023-07-30,166.0,277.0,229.0,7671.0,305.0
200,2023-07-31,136.0,276.0,178.0,7800.0,220.0
201,2023-08-01,87.0,246.0,173.0,8103.0,168.0
202,2023-08-02,84.0,171.0,157.0,8261.0,271.0
203,2023-08-03,167.0,209.0,157.0,8294.0,339.0
204,2023-08-04,148.0,221.0,158.0,8295.0,333.0
205,2023-08-05,128.0,233.0,158.0,8297.0,328.0
206,2023-08-06,109.0,245.0,159.0,8298.0,322.0
207,2023-08-07,156.0,256.0,176.0,8493.0,202.0
208,2023-08-08,125.0,232.0,192.0,8725.0,207.0
209,2023-08-09,118.0,139.0,168.0,8888.0,251.0
210,2023-08-10,142.0,235.0,139.0,8914.0,353.0
211,2023-08-11,143.0,237.0,145.0,9034.0,342.0
212,2023-08-12,144.0,238.0,151.0,9154.0,331.0
213,2023-08-13,145.0,240.0,157.0,9274.0,320.0
214,2023-08-14,146.0,242.0,163.0,9394.0,310.0
215,2023-08-15,147.0,243.0,169.0,9514.0,299.0
216,2023-08-16,148.0,245.0,175.0,9634.0,288.0
217,2023-08-17,119.0,219.0,210.0,9694.0,407.0
218,2023-08-18,114.0,216.0,190.0,9624.0,401.0
219,2023-08-19,110.0,213.0,169.0,9553.0,396.0
220,2023-08-20,105.0,210.0,149.0,9483.0,390.0
221,2023-08-21,143.0,203.0,163.0,9668.0,281.0
222,2023-08-22,119.0,209.0,152.0,9921.0,230.0
223,2023-08-23,155.0,212.0,181.0,10071.0,285.0
224,2023-08-24,109.0,214.0,173.0,10026.0,443.0
225,2023-08-25,136.0,237.0,179.0,9975.0,458.0
226,2023-08-26,164.0,260.0,186.0,9924.0,473.0
227,2023-08-27,191.0,283.0,192.0,9873.0,488.0
228,2023-08-28,170.0,297.0,196.0,10012.0,388.0
229,2023-08-29,152.0,272.0,214.0,10180.0,286.0
230,2023-08-30,239.0,367.0,224.0,10280.0,366.0
231,2023-08-31,113.0,280.0,237.0,10140.0,505.0
232,2023-09-01,134.0,286.0,224.0,10102.0,452.0
233,2023-09-02,154.0,293.0,212.0,10064.0,399.0
234,2023-09-03,175.0,300.0,200.0,10026.0,346.0
235,2023-09-04,196.0,306.0,187.0,9988.0,293.0
236,2023-09-05,236.0,330.0,222.0,10142.0,243.0
237,2023-09-06,81.0,230.0,242.0,10356.0,291.0
238,2023-09-07,118.0,245.0,160.0,10419.0,398.0
239,2023-09-08,151.0,258.0,176.0,10373.0,393.0
240,2023-09-09,185.0,270.0,192.0,10328.0,387.0
241,2023-09-10,218.0,283.0,208.0,10282.0,382.0
242,2023-09-11,132.0,243.0,183.0,10492.0,277.0
243,2023-09-12,224.0,315.0,152.0,10649.0,316.0
244,2023-09-13,167.0,326.0,213.0,10678.0,343.0
245,2023-09-14,209.0,353.0,232.0,10837.0,414.0
246,2023-09-15,190.0,320.0,250.0,10824.0,418.0
247,2023-09-16,172.0,286.0,268.0,10812.0,423.0
248,2023-09-17,153.0,253.0,286.0,10799.0,427.0
249,2023-09-18,180.0,337.0,219.0,10892.0,313.0
250,2023-09-19,133.0,287.0,189.0,11095.0,260.0
251,2023-09-20,187.0,310.0,247.0,11064.0,364.0
252,2023-09-21,168.0,285.0,210.0,11067.0,428.0
253,2023-09-22,202.0,327.0,208.0,10959.0,420.0
254,2023-09-23,235.0,370.0,206.0,10852.0,411.0
255,2023-09-24,269.0,412.0,204.0,10744.0,403.0
256,2023-09-25,100.0,255.0,236.0,10842.0,284.0
257,2023-09-26,205.0,294.0,177.0,10978.0,332.0
258,2023-09-27,161.0,304.0,211.0,11017.0,331.0
259,2023-09-28,57.0,162.0,193.0,10984.0,447.0
260,2023-09-29,65.0,149.0,179.0,10855.0,462.0
261,2023-09-30,72.0,135.0,166.0,10727.0,478.0
262,2023-10-01,80.0,122.0,152.0,10598.0,493.0
263,2023-10-02,107.0,170.0,133.0,10724.0,284.0
264,2023-10-03,99.0,156.0,139.0,10818.0,287.0
265,2023-10-04,25.0,66.0,94.0,10963.0,330.0
266,2023-10-05,35.0,70.0,53.0,11130.0,427.0
267,2023-10-06,37.0,71.0,56.0,11051.0,391.0
268,2023-10-07,39.0,72.0,58.0,10972.0,354.0
269,2023-10-08,41.0,72.0,61.0,10894.0,318.0
270,2023-10-09,43.0,73.0,64.0,10815.0,282.0
271,2023-10-10,41.0,60.0,71.0,10910.0,257.0
272,2023-10-11,65.0,83.0,65.0,10960.0,266.0
273,2023-10-12,38.0,80.0,82.0,10992.0,398.0
274,2023-10-13,44.0,81.0,77.0,10852.0,410.0
275,2023-10-14,50.0,81.0,73.0,10711.0,422.0
276,2023-10-15,56.0,82.0,68.0,10571.0,434.0
277,2023-10-16,74.0,103.0,80.0,10629.0,331.0
278,2023-10-17,68.0,107.0,102.0,10630.0,315.0
279,2023-10-18,92.0,124.0,93.0,10511.0,393.0
280,2023-10-19,113.0,162.0,107.0,10319.0,406.0
281,2023-10-20,111.0,173.0,115.0,10048.0,422.0
282,2023-10-21,108.0,185.0,123.0,9777.0,438.0
283,2023-10-22,106.0,196.0,131.0,9506.0,454.0
284,2023-10-23,86.0,152.0,168.0,9436.0,327.0
285,2023-10-24,84.0,118.0,136.0,9396.0,300.0
286,2023-10-25,59.0,64.0,117.0,9351.0,293.0
287,2023-10-26,62.0,97.0,52.0,9235.0,390.0
288,2023-10-27,72.0,90.0,67.0,9132.0,399.0
289,2023-10-28,81.0,82.0,82.0,9028.0,409.0
290,2023-10-29,91.0,75.0,97.0,8925.0,418.0
291,2023-10-30,29.0,51.0,11.0,9026.0,278.0
292,2023-10-31,33.0,53.0,34.0,9072.0,295.0
293,2023-11-01,132.0,235.0,197.0,9250.0,279.0
294,2023-11-02,174.0,208.0,256.0,9442.0,330.0
295,2023-11-03,157.0,215.0,226.0,9386.0,343.0
296,2023-11-04,140.0,223.0,197.0,9329.0,357.0
297,2023-11-05,123.0,230.0,167.0,9273.0,370.0
298,2023-11-06,123.0,233.0,159.0,9286.0,316.0
299,2023-11-07,141.0,232.0,188.0,9483.0,231.0
300,2023-11-08,158.0,226.0,191.0,9634.0,310.0
301,2023-11-09,142.0,210.0,202.0,9595.0,311.0
302,2023-11-10,127.0,193.0,212.0,9556.0,312.0
303,2023-11-11,112.0,176.0,222.0,9516.0,312.0
304,2023-11-12,96.0,160.0,233.0,9477.0,313.0
305,2023-11-13,141.0,173.0,129.0,9510.0,287.0
306,2023-11-14,116.0,181.0,182.0,9665.0,247.0
307,2023-11-15,150.0,157.0,201.0,9762.0,316.0
308,2023-11-16,80.0,176.0,125.0,9762.0,374.0
309,2023-11-17,92.0,180.0,138.0,9699.0,394.0
310,2023-11-18,104.0,184.0,151.0,9636.0,415.0
311,2023-11-19,116.0,188.0,164.0,9573.0,435.0
312,2023-11-20,105.0,185.0,158.0,9638.0,298.0
313,2023-11-21,136.0,246.0,123.0,9804.0,250.0
314,2023-11-22,132.0,237.0,150.0,9821.0,266.0
315,2023-11-23,128.0,228.0,177.0,9838.0,283.0
316,2023-11-24,115.0,217.0,186.0,9840.0,293.0
317,2023-11-25,103.0,207.0,196.0,9843.0,302.0
318,2023-11-26,90.0,196.0,205.0,9845.0,312.0
319,2023-11-27,56.0,82.0,68.0,10123.0,214.0
320,2023-11-28,74.0,103.0,80.0,10223.0,223.0
321,2023-11-29,68.0,107.0,102.0,10398.0,284.0
322,2023-11-30,92.0,124.0,93.0,10536.0,320.0
323,2023-12-01,105.0,161.0,128.0,10550.0,352.0
324,2023-12-02,119.0,198.0,162.0,10565.0,385.0
325,2023-12-03,132.0,235.0,197.0,10579.0,417.0
326,2023-12-04,174.0,208.0,256.0,10635.0,273.0
327,2023-12-05,123.0,230.0,167.0,10761.0,261.0
328,2023-12-06,123.0,233.0,159.0,10832.0,376.0
329,2023-12-07,141.0,232.0,188.0,10897.0,466.0
330,2023-12-08,147.0,230.0,189.0,10888.0,448.0
331,2023-12-09,152.0,228.0,190.0,10880.0,429.0
332,2023-12-10,158.0,226.0,191.0,10871.0,411.0
333,2023-12-11,96.0,160.0,233.0,10998.0,304.0
334,2023-12-12,141.0,173.0,129.0,11077.0,259.0
335,2023-12-13,116.0,181.0,182.0,11192.0,335.0
336,2023-12-14,150.0,157.0,201.0,11242.0,396.0
337,2023-12-15,127.0,163.0,176.0,11192.0,416.0
338,2023-12-16,103.0,170.0,150.0,11142.0,436.0
339,2023-12-17,80.0,176.0,125.0,11092.0,456.0
340,2023-12-18,116.0,188.0,164.0,11149.0,364.0
341,2023-12-19,105.0,185.0,158.0,11291.0,272.0
342,2023-12-20,136.0,246.0,123.0,11516.0,390.0
343,2023-12-21,128.0,228.0,177.0,11375.0,497.0
344,2023-12-22,118.0,220.0,184.0,11317.0,460.0
345,2023-12-23,109.0,212.0,191.0,11260.0,422.0
346,2023-12-24,100.0,204.0,198.0,11202.0,384.0
347,2023-12-25,90.0,196.0,205.0,11144.0,347.0
348,2023-12-26,56.0,82.0,68.0,11217.0,288.0
349,2023-12-27,74.0,103.0,80.0,11206.0,335.0
350,2023-12-28,68.0,107.0,102.0,11230.0,357.0
351,2023-12-29,74.0,111.0,100.0,11140.0,340.0
352,2023-12-30,80.0,116.0,98.0,11050.0,324.0
353,2023-12-31,86.0,120.0,95.0,10960.0,307.0
354,2024-01-01,92.0,124.0,93.0,10870.0,290.0
355,2024-01-02,113.0,162.0,107.0,10770.0,316.0
356,2024-01-03,106.0,196.0,131.0,10718.0,263.0
357,2024-01-04,86.0,152.0,168.0,10558.0,362.0
358,2024-01-05,85.0,141.0,157.0,10262.0,364.0
359,2024-01-06,85.0,129.0,147.0,9966.0,365.0
360,2024-01-07,84.0,118.0,136.0,9670.0,367.0
361,2024-01-08,59.0,64.0,117.0,9670.0,367.0
362,2024-01-09,62.0,97.0,52.0,9311.0,286.0
363,2024-01-10,91.0,75.0,97.0,9144.0,349.0
364,2024-01-11,29.0,51.0,11.0,8829.0,476.0
365,2024-01-12,30.0,52.0,17.0,8630.0,416.0
366,2024-01-13,31.0,52.0,22.0,8431.0,355.0
367,2024-01-14,32.0,52.0,28.0,8232.0,294.0
368,2024-01-15,33.0,53.0,34.0,8033.0,234.0
369,2024-01-16,32.0,49.0,39.0,8133.0,188.0
370,2024-01-17,80.0,176.0,125.0,8072.0,353.0
371,2024-01-18,116.0,188.0,164.0,8042.0,359.0
372,2024-01-19,112.0,187.0,162.0,8019.0,363.0
373,2024-01-20,109.0,186.0,160.0,7997.0,367.0
374,2024-01-21,105.0,185.0,158.0,7974.0,371.0
375,2024-01-22,136.0,246.0,123.0,8008.0,222.0
376,2024-01-23,128.0,228.0,177.0,8133.0,202.0
377,2024-01-24,90.0,196.0,205.0,8212.0,243.0
378,2024-01-25,102.0,189.0,155.0,8180.0,293.0
379,2024-01-26,108.0,212.0,145.0,8121.0,298.0
380,2024-01-27,114.0,234.0,136.0,8063.0,302.0
381,2024-01-28,120.0,257.0,126.0,8004.0,307.0
382,2024-01-29,137.0,272.0,166.0,8057.0,195.0
383,2024-01-30,93.0,198.0,208.0,8182.0,187.0
384,2024-01-31,203.0,477.0,258.0,8153.0,266.0
385,2024-02-01,222.0,459.0,289.0,8026.0,337.0
386,2024-02-02,232.0,483.0,275.0,7955.0,339.0
387,2024-02-03,243.0,507.0,262.0,7884.0,340.0
388,2024-02-04,253.0,531.0,248.0,7813.0,342.0
389,2024-02-05,157.0,466.0,345.0,7872.0,242.0
390,2024-02-06,291.0,455.0,323.0,8045.0,178.0
391,2024-02-07,227.0,453.0,330.0,8160.0,222.0
392,2024-02-08,298.0,499.0,358.0,8188.0,315.0
393,2024-02-09,267.0,504.0,314.0,8144.0,326.0
394,2024-02-10,236.0,510.0,270.0,8100.0,336.0
395,2024-02-11,205.0,515.0,226.0,8056.0,347.0
396,2024-02-12,213.0,430.0,440.0,8092.0,234.0
397,2024-02-13,227.0,369.0,349.0,8348.0,160.0
398,2024-02-14,185.0,322.0,272.0,8512.0,230.0
399,2024-02-15,333.0,508.0,272.0,8463.0,312.0
400,2024-02-16,312.0,486.0,297.0,8442.0,288.0
401,2024-02-17,291.0,464.0,322.0,8422.0,265.0
402,2024-02-18,270.0,442.0,346.0,8401.0,242.0
403,2024-02-19,249.0,420.0,371.0,8380.0,218.0
404,2024-02-20,149.0,395.0,273.0,8488.0,192.0
405,2024-02-21,232.0,430.0,318.0,8573.0,231.0
406,2024-02-22,165.0,400.0,292.0,8607.0,293.0
407,2024-02-23,191.0,427.0,317.0,8539.0,305.0
408,2024-02-24,218.0,455.0,341.0,8472.0,317.0
409,2024-02-25,244.0,482.0,366.0,8404.0,329.0
410,2024-02-26,199.0,438.0,326.0,8404.0,329.0
411,2024-02-27,197.0,369.0,306.0,8650.0,206.0
412,2024-02-28,209.0,447.0,274.0,8699.0,257.0
413,2024-02-29,262.0,444.0,354.0,8724.0,299.0
414,2024-03-01,253.0,452.0,352.0,8681.0,317.0
415,2024-03-02,245.0,460.0,349.0,8637.0,336.0
416,2024-03-03,236.0,468.0,347.0,8594.0,354.0
417,2024-03-04,225.0,509.0,340.0,8660.0,229.0
418,2024-03-05,246.0,472.0,345.0,8800.0,214.0
419,2024-03-06,230.0,457.0,277.0,8870.0,232.0
420,2024-03-07,181.0,424.0,328.0,8902.0,305.0
421,2024-03-08,184.0,405.0,327.0,8839.0,328.0
422,2024-03-09,187.0,387.0,327.0,8777.0,350.0
423,2024-03-10,190.0,368.0,326.0,8714.0,373.0
424,2024-03-11,178.0,336.0,290.0,8757.0,253.0
425,2024-03-12,154.0,294.0,290.0,8843.0,213.0
426,2024-03-13,165.0,358.0,167.0,8819.0,239.0
427,2024-03-14,166.0,301.0,252.0,8695.0,310.0
428,2024-03-15,153.0,287.0,254.0,8588.0,321.0
429,2024-03-16,140.0,274.0,257.0,8480.0,331.0
430,2024-03-17,127.0,260.0,259.0,8373.0,342.0
431,2024-03-18,123.0,243.0,188.0,8333.0,283.0
432,2024-03-19,99.0,202.0,256.0,8390.0,197.0
433,2024-03-20,91.0,181.0,174.0,8365.0,227.0
434,2024-03-21,132.0,261.0,141.0,8292.0,235.0
435,2024-03-22,129.0,262.0,168.0,8161.0,281.0
436,2024-03-23,127.0,263.0,194.0,8030.0,327.0
437,2024-03-24,124.0,264.0,221.0,7899.0,373.0
438,2024-03-25,128.0,242.0,224.0,7899.0,229.0
439,2024-03-26,187.0,276.0,200.0,7919.0,208.0
440,2024-03-27,129.0,287.0,185.0,7893.0,215.0
441,2024-03-28,161.0,288.0,248.0,7762.0,360.0
442,2024-03-29,142.0,277.0,216.0,7594.0,336.0
443,2024-03-30,124.0,265.0,183.0,7425.0,311.0
444,2024-03-31,105.0,254.0,151.0,7257.0,287.0
445,2024-04-01,109.0,235.0,171.0,7271.0,172.0
446,2024-04-02,101.0,230.0,175.0,7340.0,132.0
447,2024-04-03,124.0,230.0,190.0,7346.0,163.0
448,2024-04-04,95.0,226.0,152.0,7317.0,225.0
449,2024-04-05,99.0,230.0,179.0,7205.0,243.0
450,2024-04-06,102.0,235.0,206.0,7094.0,261.0
451,2024-04-07,106.0,239.0,233.0,6982.0,279.0
452,2024-04-08,102.0,230.0,167.0,6988.0,199.0
453,2024-04-09,118.0,231.0,217.0,7043.0,130.0
454,2024-04-10,117.0,244.0,142.0,6999.0,227.0
455,2024-04-11,183.0,221.0,220.0,6912.0,285.0
456,2024-04-12,165.0,229.0,228.0,6818.0,287.0
457,2024-04-13,146.0,237.0,235.0,6724.0,288.0
458,2024-04-14,128.0,245.0,243.0,6630.0,290.0
459,2024-04-15,144.0,303.0,176.0,6681.0,191.0
460,2024-04-16,219.0,392.0,205.0,6685.0,163.0
461,2024-04-17,182.0,371.0,274.0,6725.0,227.0
462,2024-04-18,144.0,322.0,258.0,6728.0,260.0
463,2024-04-19,165.0,341.0,286.0,6734.0,253.0
464,2024-04-20,187.0,361.0,315.0,6739.0,247.0
465,2024-04-21,208.0,380.0,343.0,6745.0,240.0
466,2024-04-22,176.0,424.0,251.0,6799.0,214.0
467,2024-04-23,252.0,427.0,307.0,6967.0,134.0
468,2024-04-24,253.0,411.0,307.0,7128.0,154.0
469,2024-04-25,145.0,357.0,333.0,7209.0,217.0
470,2024-04-26,149.0,354.0,344.0,7239.0,228.0
471,2024-04-27,154.0,352.0,354.0,7268.0,239.0
472,2024-04-28,158.0,349.0,365.0,7298.0,250.0
473,2024-04-29,140.0,292.0,255.0,7373.0,187.0
474,2024-04-30,220.0,443.0,194.0,7431.0,135.0
475,2024-05-01,197.0,437.0,295.0,7508.0,190.0
476,2024-05-02,206.0,411.0,293.0,7577.0,194.0
477,2024-05-03,187.0,379.0,271.0,7534.0,240.0
478,2024-05-04,169.0,347.0,250.0,7490.0,286.0
479,2024-05-05,150.0,315.0,228.0,7447.0,332.0
480,2024-05-06,173.0,337.0,211.0,7449.0,205.0
481,2024-05-07,176.0,334.0,246.0,7566.0,163.0
482,2024-05-08,167.0,374.0,205.0,7583.0,202.0
483,2024-05-09,138.0,285.0,268.0,7570.0,244.0
484,2024-05-10,138.0,290.0,266.0,7535.0,244.0
485,2024-05-11,138.0,296.0,265.0,7499.0,245.0
486,2024-05-12,138.0,301.0,263.0,7464.0,245.0
487,2024-05-13,112.0,331.0,167.0,7499.0,157.0
488,2024-05-14,246.0,419.0,218.0,7546.0,186.0
489,2024-05-15,115.0,285.0,341.0,7589.0,265.0
490,2024-05-16,206.0,340.0,214.0,7565.0,234.0
491,2024-05-17,185.0,325.0,235.0,7495.0,255.0
492,2024-05-18,164.0,310.0,257.0,7426.0,277.0
493,2024-05-19,143.0,295.0,278.0,7356.0,298.0
494,2024-05-20,111.0,268.0,217.0,7368.0,192.0
495,2024-05-21,196.0,348.0,176.0,7404.0,145.0
496,2024-05-22,168.0,349.0,272.0,7474.0,208.0
497,2024-05-23,193.0,272.0,314.0,7494.0,227.0
498,2024-05-24,184.0,290.0,298.0,7462.0,212.0
499,2024-05-25,174.0,308.0,283.0,7430.0,197.0
500,2024-05-26,165.0,326.0,268.0,7397.0,182.0
501,2024-05-27,156.0,344.0,252.0,7365.0,167.0
502,2024-05-28,153.0,348.0,239.0,7418.0,151.0
503,2024-05-29,182.0,462.0,158.0,7491.0,141.0
504,2024-05-30,167.0,406.0,339.0,7563.0,190.0
505,2024-05-31,164.0,381.0,333.0,7557.0,229.0
506,2024-06-01,162.0,355.0,328.0,7552.0,267.0
507,2024-06-02,159.0,330.0,322.0,7546.0,306.0
508,2024-06-03,109.0,244.0,257.0,7596.0,224.0
509,2024-06-04,260.0,356.0,176.0,7565.0,203.0
510,2024-06-05,173.0,345.0,291.0,7691.0,198.0
511,2024-06-06,179.0,326.0,282.0,7741.0,238.0
512,2024-06-07,158.0,314.0,243.0,7644.0,263.0
513,2024-06-08,137.0,301.0,205.0,7548.0,287.0
514,2024-06-09,116.0,289.0,166.0,7451.0,312.0
515,2024-06-10,184.0,334.0,229.0,7439.0,212.0
516,2024-06-11,186.0,352.0,224.0,7493.0,156.0
517,2024-06-12,152.0,266.0,274.0,7548.0,212.0
518,2024-06-13,167.0,293.0,230.0,7544.0,259.0
519,2024-06-14,179.0,300.0,231.0,7465.0,271.0
520,2024-06-15,192.0,308.0,232.0,7386.0,282.0
521,2024-06-16,204.0,315.0,233.0,7307.0,294.0
522,2024-06-17,159.0,310.0,272.0,7318.0,224.0
523,2024-06-18,160.0,297.0,253.0,7340.0,214.0
524,2024-06-19,204.0,321.0,246.0,7433.0,198.0
525,2024-06-20,145.0,247.0,243.0,7431.0,235.0
526,2024-06-21,131.0,240.0,229.0,7370.0,255.0
527,2024-06-22,116.0,234.0,215.0,7308.0,274.0
528,2024-06-23,102.0,227.0,201.0,7247.0,294.0
529,2024-06-24,116.0,175.0,172.0,7239.0,202.0
530,2024-06-25,172.0,263.0,191.0,7239.0,202.0
531,2024-06-26,132.0,235.0,197.0,7268.0,187.0
532,2024-06-27,174.0,208.0,256.0,7248.0,268.0
533,2024-06-28,157.0,215.0,226.0,7123.0,270.0
534,2024-06-29,140.0,223.0,197.0,6999.0,271.0
535,2024-06-30,123.0,230.0,167.0,6874.0,273.0
536,2024-07-01,123.0,233.0,159.0,6825.0,229.0
537,2024-07-02,141.0,232.0,188.0,6823.0,184.0
538,2024-07-03,150.0,229.0,190.0,6806.0,204.0
539,2024-07-04,158.0,226.0,191.0,6790.0,225.0
540,2024-07-05,137.0,204.0,205.0,6726.0,221.0
541,2024-07-06,117.0,182.0,219.0,6663.0,217.0
542,2024-07-07,96.0,160.0,233.0,6599.0,213.0
543,2024-07-08,141.0,173.0,129.0,6617.0,123.0
544,2024-07-09,116.0,181.0,182.0,6651.0,130.0
545,2024-07-10,150.0,157.0,201.0,6649.0,177.0
546,2024-07-11,80.0,176.0,125.0,6640.0,197.0
547,2024-07-12,92.0,180.0,138.0,6529.0,210.0
548,2024-07-13,104.0,184.0,151.0,6419.0,224.0
549,2024-07-14,116.0,188.0,164.0,6308.0,237.0
550,2024-07-15,105.0,185.0,158.0,6283.0,171.0
551,2024-07-16,136.0,246.0,123.0,6239.0,173.0
552,2024-07-17,128.0,228.0,177.0,6228.0,187.0
553,2024-07-18,118.0,220.0,184.0,6186.0,206.0
554,2024-07-19,109.0,212.0,191.0,6143.0,224.0
555,2024-07-20,100.0,204.0,198.0,6100.0,243.0
556,2024-07-21,90.0,196.0,205.0,6058.0,262.0
557,2024-07-22,102.0,189.0,155.0,6002.0,234.0
558,2024-07-23,120.0,257.0,126.0,5965.0,170.0
559,2024-07-24,137.0,272.0,166.0,5927.0,177.0
560,2024-07-25,93.0,198.0,208.0,5954.0,194.0
561,2024-07-26,113.0,229.0,205.0,5884.0,198.0
562,2024-07-27,132.0,259.0,202.0,5813.0,203.0
563,2024-07-28,152.0,290.0,199.0,5743.0,207.0
564,2024-07-29,114.0,210.0,219.0,5819.0,163.0
565,2024-07-30,125.0,203.0,208.0,5930.0,92.0
566,2024-07-31,140.0,261.0,163.0,5963.0,154.0
567,2024-08-01,227.0,298.0,212.0,6016.0,169.0
568,2024-08-02,172.0,254.0,189.0,5992.0,169.0
569,2024-08-03,118.0,211.0,166.0,5967.0,170.0
570,2024-08-04,63.0,167.0,143.0,5943.0,170.0
571,2024-08-05,172.0,259.0,138.0,5950.0,150.0
572,2024-08-06,163.0,283.0,200.0,5998.0,143.0
573,2024-08-07,135.0,273.0,207.0,6038.0,174.0
574,2024-08-08,119.0,230.0,213.0,6084.0,174.0
575,2024-08-09,111.0,224.0,189.0,6021.0,199.0
576,2024-08-10,103.0,217.0,164.0,5957.0,224.0
577,2024-08-11,95.0,211.0,140.0,5894.0,249.0
578,2024-08-12,109.0,219.0,155.0,5903.0,148.0
579,2024-08-13,162.0,239.0,189.0,5981.0,123.0
580,2024-08-14,109.0,226.0,191.0,5987.0,178.0
581,2024-08-15,124.0,241.0,156.0,5895.0,220.0
582,2024-08-16,111.0,242.0,182.0,5870.0,206.0
583,2024-08-17,99.0,243.0,209.0,5846.0,192.0
584,2024-08-18,86.0,244.0,235.0,5821.0,178.0
585,2024-08-19,176.0,254.0,162.0,5865.0,158.0
586,2024-08-20,136.0,274.0,245.0,5995.0,112.0
587,2024-08-21,134.0,245.0,167.0,6028.0,156.0
588,2024-08-22,182.0,307.0,205.0,6054.0,171.0
589,2024-08-23,175.0,303.0,208.0,6074.0,156.0
590,2024-08-24,169.0,298.0,212.0,6093.0,141.0
591,2024-08-25,162.0,294.0,215.0,6113.0,127.0
592,2024-08-26,156.0,289.0,219.0,6132.0,112.0
593,2024-08-27,149.0,285.0,222.0,6152.0,97.0
594,2024-08-28,170.0,285.0,178.0,6227.0,134.0
595,2024-08-29,145.0,295.0,188.0,6250.0,169.0
596,2024-08-30,142.0,289.0,190.0,6236.0,159.0
597,2024-08-31,139.0,282.0,193.0,6221.0,149.0
598,2024-09-01,136.0,276.0,196.0,6206.0,139.0
599,2024-09-02,133.0,270.0,198.0,6192.0,129.0
600,2024-09-03,131.0,263.0,177.0,6272.0,112.0
601,2024-09-04,121.0,231.0,219.0,6375.0,114.0
602,2024-09-05,126.0,230.0,175.0,6448.0,121.0
603,2024-09-06,125.0,238.0,171.0,6403.0,154.0
604,2024-09-07,124.0,247.0,168.0,6357.0,188.0
605,2024-09-08,123.0,255.0,164.0,6312.0,221.0
606,2024-09-09,144.0,275.0,190.0,6353.0,141.0
607,2024-09-10,131.0,251.0,180.0,6396.0,148.0
608,2024-09-11,93.0,248.0,175.0,6410.0,162.0
609,2024-09-12,184.0,280.0,210.0,6360.0,220.0
610,2024-09-13,81.0,200.0,212.0,6326.0,279.0
611,2024-09-14,90.0,210.0,190.0,6280.0,244.0
612,2024-09-15,98.0,220.0,167.0,6234.0,210.0
613,2024-09-16,113.0,209.0,160.0,6229.0,164.0
614,2024-09-17,159.0,304.0,139.0,6227.0,160.0
615,2024-09-18,116.0,213.0,217.0,6245.0,149.0
616,2024-09-19,93.0,196.0,169.0,6270.0,188.0
617,2024-09-20,103.0,209.0,166.0,6176.0,191.0
618,2024-09-21,114.0,221.0,164.0,6083.0,194.0
619,2024-09-22,124.0,234.0,161.0,5989.0,197.0
620,2024-09-23,92.0,203.0,173.0,6002.0,165.0
621,2024-09-24,186.0,259.0,172.0,6023.0,143.0
622,2024-09-25,154.0,225.0,220.0,6050.0,169.0
623,2024-09-26,91.0,199.0,172.0,6090.0,185.0
624,2024-09-27,88.0,204.0,166.0,6035.0,182.0
625,2024-09-28,84.0,208.0,159.0,5980.0,180.0
626,2024-09-29,81.0,213.0,153.0,5925.0,177.0
627,2024-09-30,209.0,285.0,184.0,5967.0,138.0
628,2024-10-01,184.0,314.0,217.0,6040.0,137.0
629,2024-10-02,107.0,215.0,230.0,6091.0,173.0
630,2024-10-03,101.0,162.0,178.0,6118.0,193.0
631,2024-10-04,100.0,169.0,178.0,6080.0,183.0
632,2024-10-05,100.0,176.0,177.0,6043.0,173.0
633,2024-10-06,100.0,183.0,176.0,6006.0,163.0
634,2024-10-07,99.0,190.0,176.0,5968.0,153.0
635,2024-10-08,167.0,239.0,166.0,6013.0,123.0
636,2024-10-09,115.0,216.0,169.0,6047.0,137.0
637,2024-10-10,84.0,158.0,193.0,6075.0,159.0
638,2024-10-11,99.0,181.0,193.0,6013.0,176.0
639,2024-10-12,115.0,204.0,192.0,5951.0,193.0
640,2024-10-13,130.0,227.0,192.0,5889.0,210.0
641,2024-10-14,88.0,214.0,160.0,5935.0,106.0
642,2024-10-15,113.0,208.0,159.0,6013.0,107.0
643,2024-10-16,174.0,285.0,150.0,6036.0,129.0
644,2024-10-17,104.0,230.0,206.0,6076.0,160.0
645,2024-10-18,118.0,245.0,209.0,6023.0,172.0
646,2024-10-19,133.0,261.0,211.0,5971.0,183.0
647,2024-10-20,147.0,276.0,214.0,5918.0,195.0
648,2024-10-21,108.0,220.0,213.0,5966.0,154.0
649,2024-10-22,180.0,280.0,146.0,6043.0,109.0
650,2024-10-23,134.0,294.0,186.0,6077.0,138.0
651,2024-10-24,151.0,299.0,179.0,6051.0,152.0
652,2024-10-25,168.0,304.0,172.0,6026.0,165.0
653,2024-10-26,185.0,308.0,165.0,6000.0,178.0
654,2024-10-27,202.0,313.0,158.0,5974.0,192.0
655,2024-10-28,110.0,272.0,193.0,6008.0,156.0
656,2024-10-29,166.0,277.0,229.0,6106.0,126.0
657,2024-10-30,136.0,276.0,178.0,6149.0,160.0
658,2024-10-31,87.0,246.0,173.0,6148.0,177.0
659,2024-11-01,86.0,221.0,168.0,6095.0,179.0
660,2024-11-02,85.0,196.0,162.0,6043.0,182.0
661,2024-11-03,84.0,171.0,157.0,5990.0,184.0
662,2024-11-04,167.0,209.0,157.0,6007.0,132.0
663,2024-11-05,109.0,245.0,159.0,6045.0,126.0
664,2024-11-06,156.0,256.0,176.0,6086.0,137.0
665,2024-11-07,125.0,232.0,192.0,6084.0,177.0
666,2024-11-08,123.0,209.0,186.0,6054.0,169.0
667,2024-11-09,122.0,186.0,180.0,6024.0,161.0
668,2024-11-10,120.0,162.0,174.0,5993.0,153.0
669,2024-11-11,118.0,139.0,168.0,5963.0,145.0
670,2024-11-12,142.0,235.0,139.0,5975.0,138.0
671,2024-11-13,148.0,245.0,175.0,5966.0,151.0
672,2024-11-14,119.0,219.0,210.0,6025.0,172.0
673,2024-11-15,114.0,216.0,190.0,5955.0,180.0
674,2024-11-16,110.0,213.0,169.0,5886.0,187.0
675,2024-11-17,105.0,210.0,149.0,5816.0,195.0
676,2024-11-18,143.0,203.0,163.0,5819.0,138.0
677,2024-11-19,119.0,209.0,152.0,5844.0,146.0
678,2024-11-20,155.0,212.0,181.0,5879.0,148.0
679,2024-11-21,109.0,214.0,173.0,5850.0,210.0
680,2024-11-22,136.0,237.0,179.0,5788.0,209.0
681,2024-11-23,164.0,260.0,186.0,5726.0,208.0
682,2024-11-24,191.0,283.0,192.0,5664.0,207.0
683,2024-11-25,170.0,297.0,196.0,5715.0,129.0
684,2024-11-26,152.0,272.0,214.0,5826.0,112.0
685,2024-11-27,239.0,367.0,224.0,5862.0,211.0
686,2024-11-28,113.0,280.0,237.0,5963.0,143.0
687,2024-11-29,141.0,289.0,220.0,5971.0,145.0
688,2024-11-30,168.0,297.0,204.0,5978.0,147.0
689,2024-12-01,196.0,306.0,187.0,5986.0,149.0
690,2024-12-02,236.0,330.0,222.0,6061.0,115.0
691,2024-12-03,81.0,230.0,242.0,6192.0,107.0
692,2024-12-04,118.0,245.0,160.0,6269.0,115.0
693,2024-12-05,218.0,283.0,208.0,6310.0,150.0
694,2024-12-06,189.0,270.0,200.0,6302.0,157.0
695,2024-12-07,161.0,256.0,191.0,6294.0,165.0
696,2024-12-08,132.0,243.0,183.0,6286.0,172.0
697,2024-12-09,224.0,315.0,152.0,6268.0,174.0
698,2024-12-10,167.0,326.0,213.0,6310.0,149.0
699,2024-12-11,209.0,353.0,232.0,6402.0,152.0
700,2024-12-12,153.0,253.0,286.0,6481.0,194.0
701,2024-12-13,162.0,281.0,264.0,6457.0,204.0
702,2024-12-14,171.0,309.0,241.0,6432.0,214.0
703,2024-12-15,180.0,337.0,219.0,6408.0,224.0
704,2024-12-16,133.0,287.0,189.0,6454.0,149.0
705,2024-12-17,187.0,310.0,247.0,6506.0,151.0
706,2024-12-18,168.0,285.0,210.0,6598.0,134.0
707,2024-12-19,269.0,412.0,204.0,6600.0,238.0
708,2024-12-20,213.0,360.0,215.0,6598.0,248.0
709,2024-12-21,156.0,307.0,225.0,6597.0,258.0
710,2024-12-22,100.0,255.0,236.0,6595.0,268.0
711,2024-12-23,205.0,294.0,177.0,6548.0,231.0
712,2024-12-24,161.0,304.0,211.0,6622.0,155.0
713,2024-12-25,57.0,162.0,193.0,6689.0,107.0
714,2024-12-26,80.0,122.0,152.0,6707.0,135.0
715,2024-12-27,89.0,138.0,146.0,6626.0,162.0
716,2024-12-28,98.0,154.0,139.0,6546.0,189.0
717,2024-12-29,107.0,170.0,133.0,6465.0,216.0
718,2024-12-30,99.0,156.0,139.0,6454.0,177.0
719,2024-12-31,62.0,111.0,116.0,6430.0,160.0
720,2025-01-01,25.0,66.0,94.0,6405.0,144.0
721,2025-01-02,35.0,70.0,53.0,6292.0,170.0
722,2025-01-03,38.0,71.0,57.0,6155.0,175.0
723,2025-01-04,40.0,72.0,60.0,6019.0,180.0
724,2025-01-05,43.0,73.0,64.0,5882.0,185.0
725,2025-01-06,41.0,60.0,71.0,5769.0,190.0
726,2025-01-07,65.0,83.0,65.0,5703.0,133.0
727,2025-01-08,38.0,80.0,82.0,5605.0,184.0
728,2025-01-09,56.0,82.0,68.0,5507.0,164.0
729,2025-01-10,62.0,89.0,72.0,5369.0,188.0
730,2025-01-11,68.0,96.0,76.0,5230.0,211.0
731,2025-01-12,74.0,103.0,80.0,5092.0,235.0
732,2025-01-13,68.0,107.0,102.0,5019.0,181.0
733,2025-01-14,92.0,124.0,93.0,4957.0,139.0
734,2025-01-15,113.0,162.0,107.0,4903.0,164.0
735,2025-01-16,106.0,196.0,131.0,4881.0,159.0
736,2025-01-17,99.0,181.0,143.0,4797.0,165.0
737,2025-01-18,93.0,167.0,156.0,4712.0,170.0
738,2025-01-19,86.0,152.0,168.0,4628.0,176.0
739,2025-01-20,84.0,118.0,136.0,4638.0,127.0
740,2025-01-21,59.0,64.0,117.0,4728.0,54.0
741,2025-01-22,62.0,97.0,52.0,4717.0,83.0
742,2025-01-23,91.0,75.0,97.0,4621.0,174.0
743,2025-01-24,70.0,67.0,68.0,4494.0,177.0
744,2025-01-25,50.0,59.0,40.0,4368.0,179.0
745,2025-01-26,29.0,51.0,11.0,4241.0,182.0
746,2025-01-27,33.0,53.0,34.0,4161.0,127.0
747,2025-01-28,32.0,49.0,39.0,4096.0,101.0
748,2025-01-29,32.0,50.0,39.0,4036.0,99.0
749,2025-01-30,47.0,42.0,47.0,3923.0,159.0
750,2025-01-31,38.0,35.0,45.0,3776.0,162.0
751,2025-02-01,29.0,29.0,43.0,3630.0,165.0
752,2025-02-02,20.0,22.0,41.0,3483.0,168.0
753,2025-02-03,23.0,45.0,11.0,3403.0,102.0
754,2025-02-04,34.0,54.0,29.0,3359.0,74.0
755,2025-02-05,26.0,36.0,36.0,3290.0,104.0
756,2025-02-06,25.0,32.0,27.0,3181.0,145.0
757,2025-02-07,22.0,26.0,26.0,3080.0,130.0
758,2025-02-08,18.0,19.0,24.0,2979.0,114.0
759,2025-02-09,15.0,13.0,23.0,2878.0,99.0
760,2025-02-10,16.0,18.0,15.0,2834.0,63.0
761,2025-02-11,11.0,22.0,12.0,2799.0,50.0
762,2025-02-12,16.0,20.0,20.0,2752.0,66.0
763,2025-02-13,15.0,10.0,23.0,2703.0,72.0
764,2025-02-14,13.0,12.0,21.0,2660.0,58.0
765,2025-02-15,12.0,14.0,18.0,2618.0,44.0
766,2025-02-16,10.0,15.0,16.0,2575.0,29.0
767,2025-02-17,8.0,17.0,14.0,2532.0,15.0
768,2025-02-18,18.0,19.0,11.0,2536.0,9.0
769,2025-02-19,12.0,17.0,17.0,2528.0,19.0
770,2025-02-20,13.0,25.0,15.0,2520.0,32.0
771,2025-02-21,11.0,22.0,13.0,2488.0,33.0
772,2025-02-22,9.0,19.0,10.0,2455.0,34.0
773,2025-02-23,7.0,16.0,8.0,2423.0,35.0
774,2025-02-24,20.0,22.0,14.0,2413.0,24.0
775,2025-02-25,11.0,7.0,7.0,2413.0,23.0
776,2025-02-26,12.0,21.0,1.0,2411.0,23.0
777,2025-02-27,10.0,15.0,17.0,2391.0,37.0
778,2025-02-28,11.0,18.0,13.0,2360.0,35.0
779,2025-03-01,11.0,21.0,8.0,2328.0,33.0
780,2025-03-02,12.0,24.0,4.0,2297.0,31.0
781,2025-03-03,8.0,29.0,18.0,2287.0,25.0
782,2025-03-04,4.0,25.0,10.0,2272.0,30.0
783,2025-03-05,5.0,20.0,4.0,2238.0,40.0
784,2025-03-06,7.0,27.0,6.0,2218.0,33.0
785,2025-03-07,9.0,26.0,9.0,2191.0,32.0
786,2025-03-08,10.0,26.0,12.0,2164.0,31.0
787,2025-03-09,12.0,25.0,15.0,2137.0,30.0
788,2025-03-10,6.0,28.0,8.0,2125.0,23.0
789,2025-03-11,3.0,11.0,7.0,2116.0,20.0
790,2025-03-12,6.0,18.0,2.0,2113.0,8.0
791,2025-03-13,4.0,20.0,9.0,2116.0,6.0
792,2025-03-14,3.0,16.0,9.0,2116.0,6.0
793,2025-03-15,2.0,13.0,8.0,2117.0,5.0
794,2025-03-16,1.0,9.0,8.0,2117.0,5.0
795,2025-03-17,5.0,14.0,0.0,2111.0,8.0
796,2025-03-18,19.0,34.0,6.0,2109.0,8.0
797,2025-03-19,6.0,22.0,14.0,2119.0,9.0
798,2025-03-20,9.0,20.0,11.0,2124.0,7.0
799,2025-03-21,11.0,23.0,10.0,2128.0,5.0
800,2025-03-22,13.0,26.0,10.0,2132.0,4.0
801,2025-03-23,15.0,29.0,9.0,2136.0,2.0
802,2025-03-24,7.0,13.0,11.0,2139.0,7.0
803,2025-03-25,12.0,19.0,7.0,2145.0,6.0
804,2025-03-26,9.0,21.0,15.0,2159.0,2.0
805,2025-03-27,1.0,19.0,13.0,2159.0,2.0
806,2025-03-28,4.0,19.0,10.0,2169.0,2.0
807,2025-03-29,6.0,20.0,8.0,2178.0,2.0
808,2025-03-30,9.0,20.0,5.0,2188.0,2.0
809,2025-03-31,9.0,25.0,8.0,2193.0,5.0
810,2025-04-01,17.0,36.0,7.0,2191.0,12.0
811,2025-04-02,5.0,31.0,16.0,2208.0,3.0
812,2025-04-03,12.0,26.0,18.0,2223.0,8.0
813,2025-04-04,10.0,22.0,14.0,2227.0,9.0
814,2025-04-05,9.0,18.0,11.0,2230.0,10.0
815,2025-04-06,7.0,14.0,7.0,2234.0,11.0
816,2025-04-07,12.0,22.0,9.0,2237.0,5.0
817,2025-04-08,12.0,34.0,12.0,2243.0,9.0
818,2025-04-09,6.0,19.0,10.0,2251.0,5.0
819,2025-04-10,18.0,25.0,17.0,2265.0,6.0
820,2025-04-11,8.0,22.0,8.0,2267.0,9.0
821,2025-04-12,6.0,24.0,9.0,2275.0,6.0
822,2025-04-13,5.0,26.0,10.0,2283.0,3.0
823,2025-04-14,5.0,26.0,9.0,2282.0,13.0
824,2025-04-15,4.0,19.0,12.0,2286.0,7.0
825,2025-04-16,11.0,30.0,5.0,2291.0,8.0
826,2025-04-17,7.0,26.0,10.0,2288.0,14.0
827,2025-04-18,6.0,22.0,9.0,2294.0,11.0
828,2025-04-19,5.0,19.0,7.0,2299.0,7.0
829,2025-04-20,4.0,15.0,6.0,2305.0,4.0
830,2025-04-21,10.0,25.0,5.0,2308.0,6.0
831,2025-04-22,7.0,19.0,14.0,2305.0,17.0
832,2025-04-23,3.0,23.0,4.0,2300.0,11.0
833,2025-04-24,3.0,9.0,7.0,2294.0,13.0
834,2025-04-25,5.0,19.0,9.0,2296.0,10.0
835,2025-04-26,7.0,30.0,10.0,2299.0,7.0
836,2025-04-27,9.0,40.0,12.0,2301.0,4.0
837,2025-04-28,6.0,26.0,12.0,2307.0,8.0
838,2025-04-29,11.0,25.0,11.0,2304.0,15.0
839,2025-04-30,7.0,34.0,9.0,2309.0,12.0
840,2025-05-01,13.0,32.0,14.0,2306.0,16.0
841,2025-05-02,12.0,32.0,13.0,2316.0,12.0
842,2025-05-03,10.0,31.0,11.0,2325.0,9.0
843,2025-05-04,9.0,31.0,10.0,2335.0,5.0
844,2025-05-05,15.0,44.0,20.0,2331.0,17.0
845,2025-05-06,10.0,33.0,16.0,2339.0,16.0
846,2025-05-07,10.0,30.0,15.0,2335.0,10.0
847,2025-05-08,15.0,24.0,16.0,2361.0,11.0
848,2025-05-09,15.0,23.0,15.0,2369.0,8.0
849,2025-05-10,15.0,21.0,13.0,2377.0,6.0
850,2025-05-11,15.0,20.0,12.0,2385.0,3.0
851,2025-05-12,7.0,33.0,14.0,2392.0,7.0
852,2025-05-13,18.0,29.0,12.0,2394.0,11.0
853,2025-05-14,7.0,30.0,14.0,2394.0,11.0
854,2025-05-15,15.0,31.0,14.0,2410.0,14.0
855,2025-05-16,14.0,30.0,14.0,2419.0,12.0
856,2025-05-17,14.0,29.0,14.0,2428.0,11.0
857,2025-05-18,13.0,28.0,14.0,2437.0,9.0
858,2025-05-19,7.0,27.0,17.0,2457.0,6.0
859,2025-05-20,10.0,44.0,15.0,2462.0,12.0
860,2025-05-21,14.0,62.0,13.0,2467.0,18.0
861,2025-05-22,18.0,36.0,17.0,2473.0,15.0
862,2025-05-23,16.0,34.0,15.0,2479.0,14.0
863,2025-05-24,13.0,31.0,13.0,2485.0,13.0
864,2025-05-25,11.0,29.0,11.0,2492.0,13.0
865,2025-05-26,8.0,26.0,9.0,2498.0,12.0
866,2025-05-27,6.0,24.0,7.0,2504.0,11.0
867,2025-05-28,12.0,39.0,12.0,2499.0,14.0
868,2025-05-29,13.0,38.0,15.0,2506.0,11.0
869,2025-05-30,11.0,33.0,15.0,2513.0,11.0
870,2025-05-31,10.0,29.0,16.0,2521.0,12.0
871,2025-06-01,8.0,24.0,16.0,2528.0,12.0
872,2025-06-02,10.0,19.0,5.0,2518.0,16.0
873,2025-06-03,5.0,23.0,11.0,2519.0,15.0
874,2025-06-04,4.0,16.0,9.0,2516.0,16.0
875,2025-06-05,8.0,26.0,5.0,2503.0,21.0
876,2025-06-06,9.0,23.0,8.0,2504.0,18.0
877,2025-06-07,9.0,19.0,12.0,2506.0,16.0
878,2025-06-08,10.0,16.0,15.0,2507.0,13.0
879,2025-06-09,8.0,21.0,14.0,2516.0,9.0
880,2025-06-10,17.0,28.0,7.0,2511.0,12.0
881,2025-06-11,16.0,27.0,7.0,2513.0,12.0
882,2025-06-12,14.0,27.0,8.0,2514.0,13.0
883,2025-06-13,13.0,26.0,8.0,2516.0,13.0
884,2025-06-14,11.0,26.0,9.0,2518.0,13.0
885,2025-06-15,10.0,25.0,9.0,2520.0,13.0
886,2025-06-16,8.0,25.0,10.0,2521.0,14.0
887,2025-06-17,7.0,24.0,10.0,2523.0,14.0
888,2025-06-18,8.0,22.0,8.0,2512.0,16.0
889,2025-06-19,8.0,19.0,7.0,2501.0,18.0
890,2025-06-20,8.0,17.0,6.0,2503.0,14.0
891,2025-06-21,7.0,15.0,6.0,2506.0,11.0
892,2025-06-22,7.0,13.0,5.0,2508.0,7.0
893,2025-06-23,3.0,15.0,5.0,2495.0,17.0
894,2025-06-24,5.0,20.0,5.0,2489.0,16.0
895,2025-06-25,6.0,12.0,2.0,2470.0,24.0
896,2025-06-26,3.0,9.0,7.0,2447.0,35.0
897,2025-06-27,4.0,12.0,7.0,2436.0,30.0
898,2025-06-28,4.0,14.0,7.0,2424.0,25.0
899,2025-06-29,5.0,17.0,7.0,2413.0,20.0
900,2025-06-30,9.0,22.0,8.0,2407.0,16.0
901,2025-07-01,7.0,14.0,6.0,2391.0,22.0
902,2025-07-02,8.0,20.0,9.0,2373.0,38.0
903,2025-07-03,7.0,19.0,7.0,2363.0,30.0
904,2025-07-04,6.0,18.0,6.0,2352.0,23.0
905,2025-07-05,5.0,18.0,4.0,2342.0,16.0
906,2025-07-06,4.0,17.0,2.0,2332.0,8.0
907,2025-07-07,3.0,18.0,8.0,2317.0,20.0
908,2025-07-08,5.0,16.0,8.0,2306.0,20.0
909,2025-07-09,2.0,18.0,0.0,2281.0,32.0
910,2025-07-10,2.0,12.0,3.0,2252.0,39.0
911,2025-07-11,2.0,12.0,3.0,2236.0,29.0
912,2025-07-12,1.0,13.0,4.0,2220.0,20.0
913,2025-07-13,1.0,13.0,4.0,2204.0,10.0
914,2025-07-14,2.0,9.0,1.0,2181.0,26.0
915,2025-07-15,0.0,8.0,5.0,2171.0,17.0
916,2025-07-16,1.0,9.0,0.0,2164.0,11.0
917,2025-07-17,3.0,16.0,2.0,2153.0,17.0
918,2025-07-18,3.0,16.0,3.0,2145.0,17.0
919,2025-07-19,4.0,17.0,4.0,2137.0,16.0
920,2025-07-20,4.0,18.0,6.0,2129.0,16.0
921,2025-07-21,4.0,18.0,7.0,2121.0,16.0
922,2025-07-22,5.0,13.0,3.0,2117.0,16.0
923,2025-07-23,6.0,21.0,5.0,2111.0,14.0
924,2025-07-24,6.0,18.0,7.0,2096.0,29.0
925,2025-07-25,4.0,16.0,5.0,2093.0,21.0
926,2025-07-26,3.0,14.0,4.0,2091.0,12.0
927,2025-07-27,1.0,12.0,2.0,2088.0,4.0
928,2025-07-28,2.0,9.0,3.0,2080.0,14.0
929,2025-07-29,2.0,8.0,3.0,2072.0,12.0
930,2025-07-30,4.0,15.0,4.0,2063.0,16.0
931,2025-07-31,2.0,9.0,6.0,2058.0,15.0
932,2025-08-01,3.0,15.0,5.0,2055.0,12.0
933,2025-08-02,4.0,20.0,4.0,2052.0,8.0
934,2025-08-03,5.0,26.0,3.0,2049.0,5.0
935,2025-08-04,5.0,22.0,11.0,2040.0,14.0
936,2025-08-05,2.0,21.0,10.0,2042.0,14.0
937,2025-08-06,4.0,17.0,3.0,2036.0,13.0
938,2025-08-07,4.0,18.0,6.0,2031.0,17.0
939,2025-08-08,3.0,18.0,7.0,2023.0,15.0
940,2025-08-09,1.0,18.0,7.0,2014.0,14.0
941,2025-08-10,0.0,18.0,8.0,2006.0,12.0
942,2025-08-11,6.0,23.0,4.0,1999.0,16.0
943,2025-08-12,8.0,38.0,9.0,1999.0,9.0
944,2025-08-13,6.0,22.0,12.0,1997.0,17.0
945,2025-08-14,3.0,27.0,4.0,1994.0,11.0
946,2025-08-15,3.0,23.0,3.0,1993.0,8.0
947,2025-08-16,4.0,18.0,3.0,1992.0,6.0
948,2025-08-17,4.0,14.0,2.0,1991.0,3.0
949,2025-08-18,4.0,20.0,6.0,1985.0,14.0
950,2025-08-19,5.0,35.0,3.0,1980.0,11.0
951,2025-08-20,10.0,38.0,10.0,1983.0,10.0
952,2025-08-21,6.0,49.0,8.0,1972.0,21.0
953,2025-08-22,5.0,40.0,7.0,1975.0,16.0
954,2025-08-23,5.0,30.0,6.0,1978.0,10.0
955,2025-08-24,4.0,21.0,5.0,1981.0,5.0
956,2025-08-25,8.0,30.0,8.0,1980.0,11.0
957,2025-08-26,10.0,21.0,20.0,1989.0,15.0
958,2025-08-27,5.0,19.0,9.0,1988.0,19.0
959,2025-08-28,8.0,33.0,6.0,1984.0,17.0
960,2025-08-29,8.0,32.0,9.0,1990.0,14.0
961,2025-08-30,9.0,31.0,12.0,1997.0,11.0
962,2025-08-31,10.0,30.0,14.0,2004.0,8.0
963,2025-09-01,10.0,29.0,17.0,2010.0,5.0
964,2025-09-02,6.0,35.0,9.0,2020.0,9.0
965,2025-09-03,4.0,29.0,11.0,2019.0,10.0
966,2025-09-04,11.0,40.0,2.0,2015.0,14.0
967,2025-09-05,9.0,33.0,4.0,2019.0,12.0
968,2025-09-06,6.0,26.0,7.0,2022.0,9.0
969,2025-09-07,4.0,19.0,9.0,2026.0,7.0
970,2025-09-08,7.0,25.0,5.0,2025.0,6.0
971,2025-09-09,18.0,42.0,11.0,2023.0,14.0
972,2025-09-10,10.0,47.0,14.0,2025.0,18.0
973,2025-09-11,12.0,38.0,29.0,2047.0,6.0
974,2025-09-12,10.0,38.0,24.0,2059.0,6.0
975,2025-09-13,9.0,39.0,18.0,2071.0,5.0
976,2025-09-14,7.0,39.0,13.0,2083.0,5.0
977,2025-09-15,9.0,47.0,10.0,2086.0,10.0
978,2025-09-16,7.0,28.0,17.0,2095.0,12.0
979,2025-09-17,7.0,38.0,5.0,2096.0,13.0
980,2025-09-18,20.0,52.0,11.0,2096.0,14.0
981,2025-09-19,16.0,46.0,12.0,2109.0,11.0
982,2025-09-20,12.0,41.0,12.0,2121.0,8.0
983,2025-09-21,8.0,35.0,13.0,2134.0,5.0
984,2025-09-22,17.0,40.0,14.0,2141.0,10.0
985,2025-09-23,11.0,36.0,10.0,2145.0,15.0
986,2025-09-24,3.0,38.0,12.0,2138.0,17.0
987,2025-09-25,6.0,35.0,12.0,2132.0,18.0
988,2025-09-26,8.0,33.0,12.0,2137.0,15.0
989,2025-09-27,9.0,31.0,12.0,2141.0,12.0
990,2025-09-28,11.0,29.0,12.0,2146.0,9.0
991,2025-09-29,8.0,35.0,12.0,2148.0,13.0
992,2025-09-30,8.0,32.0,12.0,2159.0,7.0
993,2025-10-01,4.0,33.0,12.0,2163.0,14.0
994,2025-10-02,20.0,51.0,15.0,2164.0,16.0
995,2025-10-03,16.0,43.0,14.0,2169.0,16.0
996,2025-10-04,12.0,36.0,14.0,2175.0,16.0
997,2025-10-05,8.0,28.0,13.0,2180.0,16.0
998,2025-10-06,5.0,33.0,15.0,2187.0,10.0
999,2025-10-07,11.0,45.0,4.0,2189.0,10.0
1000,2025-10-08,8.0,49.0,15.0,2192.0,17.0
1001,2025-10-09,11.0,55.0,13.0,2192.0,12.0
1002,2025-10-10,10.0,47.0,12.0,2200.0,10.0
1003,2025-10-11,10.0,40.0,10.0,2208.0,9.0
1004,2025-10-12,9.0,32.0,8.0,2215.0,8.0
1005,2025-10-13,8.0,24.0,7.0,2223.0,6.0
1006,2025-10-14,7.0,30.0,16.0,2235.0,8.0
1007,2025-10-15,8.0,29.0,10.0,2225.0,15.0
1008,2025-10-16,9.0,33.0,15.0,2233.0,9.0
1009,2025-10-17,9.0,33.0,16.0,2234.0,8.0
1010,2025-10-18,9.0,34.0,16.0,2236.0,8.0
1011,2025-10-19,9.0,34.0,17.0,2237.0,7.0
1012,2025-10-20,10.0,39.0,6.0,2243.0,7.0
1013,2025-10-21,13.0,39.0,17.0,2251.0,9.0
1014,2025-10-22,12.0,42.0,13.0,2261.0,12.0
1015,2025-10-23,4.0,27.0,26.0,2266.0,18.0
1016,2025-10-24,4.0,30.0,21.0,2269.0,15.0
1017,2025-10-25,4.0,32.0,17.0,2273.0,13.0
1018,2025-10-26,4.0,35.0,12.0,2276.0,10.0
1019,2025-10-27,2.0,31.0,8.0,2282.0,11.0
1020,2025-10-28,6.0,22.0,11.0,2286.0,6.0
1021,2025-10-29,6.0,25.0,4.0,2280.0,17.0
1022,2025-10-30,3.0,17.0,14.0,2287.0,12.0
1023,2025-10-31,4.0,18.0,13.0,2284.0,10.0
1024,2025-11-01,4.0,20.0,11.0,2280.0,9.0
1025,2025-11-02,5.0,21.0,10.0,2277.0,7.0
1026,2025-11-03,3.0,28.0,5.0,2269.0,12.0
1027,2025-11-04,6.0,33.0,6.0,2270.0,8.0
1028,2025-11-05,8.0,41.0,8.0,2272.0,7.0
1029,2025-11-06,6.0,33.0,9.0,2264.0,19.0
1030,2025-11-07,8.0,33.0,8.0,2274.0,14.0
1031,2025-11-08,9.0,33.0,6.0,2284.0,9.0
1032,2025-11-09,11.0,33.0,5.0,2294.0,4.0
1033,2025-11-10,11.0,36.0,8.0,2294.0,9.0
1034,2025-11-11,11.0,39.0,12.0,2294.0,14.0
1035,2025-11-12,14.0,48.0,20.0,2302.0,7.0
1036,2025-11-13,6.0,26.0,16.0,2317.0,5.0
1037,2025-11-14,6.0,25.0,12.0,2325.0,5.0
1038,2025-11-15,5.0,23.0,7.0,2332.0,5.0
1039,2025-11-16,5.0,22.0,3.0,2340.0,5.0
1040,2025-11-17,1.0,35.0,6.0,2343.0,8.0
1041,2025-11-18,2.0,38.0,8.0,2345.0,12.0
1042,2025-11-19,7.0,32.0,3.0,2340.0,10.0
1043,2025-11-20,18.0,57.0,8.0,2340.0,9.0
1044,2025-11-21,13.0,53.0,13.0,2352.0,6.0
1045,2025-11-22,8.0,50.0,17.0,2363.0,4.0
1046,2025-11-23,3.0,46.0,22.0,2375.0,1.0
1047,2025-11-24,9.0,40.0,9.0,2371.0,13.0
1048,2025-11-25,6.0,47.0,14.0,2375.0,11.0
1049,2025-11-26,5.0,36.0,11.0,2382.0,9.0
1050,2025-11-27,4.0,24.0,8.0,2389.0,7.0
1051,2025-11-28,4.0,22.0,9.0,2398.0,5.0
1052,2025-11-29,4.0,20.0,9.0,2406.0,2.0
1053,2025-11-30,4.0,18.0,10.0,2415.0,0.0
1054,2025-12-01,4.0,26.0,4.0,2410.0,9.0
1055,2025-12-02,7.0,34.0,6.0,2407.0,8.0
1056,2025-12-03,4.0,32.0,8.0,2419.0,7.0
1057,2025-12-04,16.0,39.0,7.0,2418.0,13.0
1058,2025-12-05,12.0,34.0,9.0,2422.0,13.0
1059,2025-12-06,8.0,29.0,11.0,2425.0,12.0
1060,2025-12-07,4.0,24.0,13.0,2429.0,12.0
1061,2025-12-08,9.0,27.0,9.0,2440.0,4.0
1062,2025-12-09,4.0,30.0,7.0,2443.0,8.0
1063,2025-12-10,10.0,54.0,5.0,2439.0,9.0
1064,2025-12-11,7.0,47.0,9.0,2437.0,10.0
1065,2025-12-12,7.0,43.0,7.0,2445.0,9.0
1066,2025-12-13,8.0,39.0,6.0,2454.0,9.0
1067,2025-12-14,8.0,35.0,4.0,2462.0,8.0
1068,2025-12-15,11.0,42.0,9.0,2470.0,7.0
1069,2025-12-16,8.0,54.0,15.0,2468.0,9.0
1070,2025-12-17,7.0,31.0,11.0,2481.0,10.0
1071,2025-12-18,11.0,50.0,6.0,2472.0,16.0
1072,2025-12-19,9.0,39.0,8.0,2476.0,15.0
1073,2025-12-20,8.0,29.0,9.0,2480.0,15.0
1074,2025-12-21,6.0,18.0,11.0,2484.0,14.0
